sample	accession	cram_ftp	cram_md5
APPG7555879	ERR6067824	ftp.sra.ebi.ac.uk/vol1/run/ERR606/ERR6067824/26958_8#1.cram	2f09bb4986b9372390ce5fef79877385
APPG7555879	ERR6067825	ftp.sra.ebi.ac.uk/vol1/run/ERR606/ERR6067825/26958_8#2.cram	79b631ffcb8c298bf9c755177919a02c
APPG7555879	ERR6067826	ftp.sra.ebi.ac.uk/vol1/run/ERR606/ERR6067826/26958_8#3.cram	39d38cf7a9263223507cde17556ac4f5
APPG7555879	ERR6067827	ftp.sra.ebi.ac.uk/vol1/run/ERR606/ERR6067827/26958_8#4.cram	91a653a73fc775a96ddf806c48322d16
APPG7555863	ERR6067828	ftp.sra.ebi.ac.uk/vol1/run/ERR606/ERR6067828/26964_4#1.cram	19bed5af0819f57f39e447d89a69561f
APPG7555863	ERR6067829	ftp.sra.ebi.ac.uk/vol1/run/ERR606/ERR6067829/26964_4#2.cram	ef9b79ecc4c7edebd2b5c6d9a39ed134
APPG7555863	ERR6067830	ftp.sra.ebi.ac.uk/vol1/run/ERR606/ERR6067830/26964_4#3.cram	67a49d2f45c271f72f5f4ae21db4dbc4
APPG7555863	ERR6067831	ftp.sra.ebi.ac.uk/vol1/run/ERR606/ERR6067831/26964_4#4.cram	6458c064708d6b408eb06b2f3d371a15
APPG7555864	ERR6067832	ftp.sra.ebi.ac.uk/vol1/run/ERR606/ERR6067832/26964_5#1.cram	37720b80c744feafe976c2b3e4b8561b
APPG7555864	ERR6067833	ftp.sra.ebi.ac.uk/vol1/run/ERR606/ERR6067833/26964_5#2.cram	78707427a1e0516bb64b7486c5bd96d3
APPG7555864	ERR6067834	ftp.sra.ebi.ac.uk/vol1/run/ERR606/ERR6067834/26964_5#3.cram	7595edc68295ac61073bdf7aabf66fec
APPG7555864	ERR6067835	ftp.sra.ebi.ac.uk/vol1/run/ERR606/ERR6067835/26964_5#4.cram	dff9d45a8ef6c091c6813ab6fa7062f0
APPG7555865	ERR6067836	ftp.sra.ebi.ac.uk/vol1/run/ERR606/ERR6067836/26964_6#1.cram	ffdd1882c6c624124c99c659c56c0e2e
APPG7555865	ERR6067837	ftp.sra.ebi.ac.uk/vol1/run/ERR606/ERR6067837/26964_6#2.cram	0d465cf45a20f39170124ef1c4a6ecf2
APPG7555865	ERR6067838	ftp.sra.ebi.ac.uk/vol1/run/ERR606/ERR6067838/26964_6#3.cram	0fe6adbde7133a3299df05874d7e58af
APPG7555865	ERR6067839	ftp.sra.ebi.ac.uk/vol1/run/ERR606/ERR6067839/26964_6#4.cram	e22f61b95ee53880ad3f13d2f5bd9e4a
APPG7555866	ERR6067840	ftp.sra.ebi.ac.uk/vol1/run/ERR606/ERR6067840/26964_7#1.cram	07af4fb344167f6086e7005a52bce01f
APPG7555866	ERR6067841	ftp.sra.ebi.ac.uk/vol1/run/ERR606/ERR6067841/26964_7#2.cram	b91baa3f3f2c321d9b2117254874c8e4
APPG7555866	ERR6067842	ftp.sra.ebi.ac.uk/vol1/run/ERR606/ERR6067842/26964_7#3.cram	61172be23e73ebb7781222fbbc74bae8
APPG7555866	ERR6067843	ftp.sra.ebi.ac.uk/vol1/run/ERR606/ERR6067843/26964_7#4.cram	f4db10fd98c4ec93b21dc7bc0e768207
APPG7555867	ERR6067844	ftp.sra.ebi.ac.uk/vol1/run/ERR606/ERR6067844/26964_8#1.cram	8f66596b6876bfea6404f621f53b2fb3
APPG7555867	ERR6067845	ftp.sra.ebi.ac.uk/vol1/run/ERR606/ERR6067845/26964_8#2.cram	6d2e73e34ff5263776f70d9d690f4f5a
APPG7555867	ERR6067846	ftp.sra.ebi.ac.uk/vol1/run/ERR606/ERR6067846/26964_8#3.cram	3ee14d2fc31022c592c0c73a3be8b4bf
APPG7555867	ERR6067847	ftp.sra.ebi.ac.uk/vol1/run/ERR606/ERR6067847/26964_8#4.cram	03de700d114050bc45f5e6bcc0259bb1
APPG7555867	ERR6067848	ftp.sra.ebi.ac.uk/vol1/run/ERR606/ERR6067848/26965_1#1.cram	79edbb281b46d0eb1818d8a2bbbdd40b
APPG7555867	ERR6067849	ftp.sra.ebi.ac.uk/vol1/run/ERR606/ERR6067849/26965_1#2.cram	f01ea9be796fd9e953a31251dc3a4783
APPG7555867	ERR6067850	ftp.sra.ebi.ac.uk/vol1/run/ERR606/ERR6067850/26965_1#3.cram	1a3fbcb7fc59e7e2edb4a8340099195e
APPG7555867	ERR6067851	ftp.sra.ebi.ac.uk/vol1/run/ERR606/ERR6067851/26965_1#4.cram	4f6e502b340dceb4d095ae01dc042510
APPG7555868	ERR6067852	ftp.sra.ebi.ac.uk/vol1/run/ERR606/ERR6067852/26965_2#1.cram	fc719967a8543c7df640c9af529dac4f
APPG7555868	ERR6067853	ftp.sra.ebi.ac.uk/vol1/run/ERR606/ERR6067853/26965_2#2.cram	234b38393b99305d90680f7629739bab
APPG7555868	ERR6067854	ftp.sra.ebi.ac.uk/vol1/run/ERR606/ERR6067854/26965_2#3.cram	2e799427aeda8289ccf263fd9d32c8b4
APPG7555868	ERR6067855	ftp.sra.ebi.ac.uk/vol1/run/ERR606/ERR6067855/26965_2#4.cram	296d1865db9458561abcdb717221c6c0
APPG7555873	ERR6067856	ftp.sra.ebi.ac.uk/vol1/run/ERR606/ERR6067856/26965_3#1.cram	4c5a1d1fe6ae78a1c8195cb3a086aa0b
APPG7555873	ERR6067857	ftp.sra.ebi.ac.uk/vol1/run/ERR606/ERR6067857/26965_3#2.cram	78f4f268434d0dd90b06c55c0954c97a
APPG7555873	ERR6067858	ftp.sra.ebi.ac.uk/vol1/run/ERR606/ERR6067858/26965_3#3.cram	d830e18bd73e9a70d1c503b494b21bd0
APPG7555873	ERR6067859	ftp.sra.ebi.ac.uk/vol1/run/ERR606/ERR6067859/26965_3#4.cram	02ad08945085f28e2e3f359cb692d587
APPG7555874	ERR6067860	ftp.sra.ebi.ac.uk/vol1/run/ERR606/ERR6067860/26965_4#1.cram	507afd7a28b77aac62cb6bcb8b00c882
APPG7555874	ERR6067861	ftp.sra.ebi.ac.uk/vol1/run/ERR606/ERR6067861/26965_4#2.cram	e059eb99241be109133bc49cafd761d2
APPG7555874	ERR6067862	ftp.sra.ebi.ac.uk/vol1/run/ERR606/ERR6067862/26965_4#3.cram	8dff3f3fea4904a455ecc770e2005f36
APPG7555874	ERR6067863	ftp.sra.ebi.ac.uk/vol1/run/ERR606/ERR6067863/26965_4#4.cram	abf896619aed4978e5636e33571b79e3
APPG7555875	ERR6067864	ftp.sra.ebi.ac.uk/vol1/run/ERR606/ERR6067864/26965_5#1.cram	7434d996011a071a57c2159bdfee1f3f
APPG7555875	ERR6067865	ftp.sra.ebi.ac.uk/vol1/run/ERR606/ERR6067865/26965_5#2.cram	d021f701504d3d9b772149a2f8c8080b
APPG7555875	ERR6067866	ftp.sra.ebi.ac.uk/vol1/run/ERR606/ERR6067866/26965_5#3.cram	fc294724ad3e3a4ce09e1db35f2c888e
APPG7555875	ERR6067867	ftp.sra.ebi.ac.uk/vol1/run/ERR606/ERR6067867/26965_5#4.cram	e573d950ee04ffacf554ddfaa2a50200
APPG7555876	ERR6067868	ftp.sra.ebi.ac.uk/vol1/run/ERR606/ERR6067868/26965_6#1.cram	ac7a325cf985fc22c0cad19ad7ac9ed1
APPG7555876	ERR6067869	ftp.sra.ebi.ac.uk/vol1/run/ERR606/ERR6067869/26965_6#2.cram	2a211b5c4f82eca5a41154dd1bf315e1
APPG7555876	ERR6067870	ftp.sra.ebi.ac.uk/vol1/run/ERR606/ERR6067870/26965_6#3.cram	935a458a51ec5cdab34955fc820402da
APPG7555876	ERR6067871	ftp.sra.ebi.ac.uk/vol1/run/ERR606/ERR6067871/26965_6#4.cram	c72274c7711169b62c82e2460f652310
APPG7555877	ERR6067872	ftp.sra.ebi.ac.uk/vol1/run/ERR606/ERR6067872/26965_7#1.cram	44f876624d133c931657b00168ea9d91
APPG7555877	ERR6067873	ftp.sra.ebi.ac.uk/vol1/run/ERR606/ERR6067873/26965_7#2.cram	01fb8cb4ae3067667734dd68d16f22ee
APPG7555877	ERR6067874	ftp.sra.ebi.ac.uk/vol1/run/ERR606/ERR6067874/26965_7#3.cram	c8a2c9c3f288e61bf7e3debbea2d4985
APPG7555877	ERR6067875	ftp.sra.ebi.ac.uk/vol1/run/ERR606/ERR6067875/26965_7#4.cram	2a1cd9b6759f81aafb9a447eab6586c5
APPG7555878	ERR6067876	ftp.sra.ebi.ac.uk/vol1/run/ERR606/ERR6067876/26965_8#1.cram	cf54c9d727f0124654ea7213f6040a42
APPG7555878	ERR6067877	ftp.sra.ebi.ac.uk/vol1/run/ERR606/ERR6067877/26965_8#2.cram	1609bcdf2de3438bd264630e59d98e8a
APPG7555878	ERR6067878	ftp.sra.ebi.ac.uk/vol1/run/ERR606/ERR6067878/26965_8#3.cram	3ac037a5a3b0b1d4ce5fe11667ef3a77
APPG7555878	ERR6067879	ftp.sra.ebi.ac.uk/vol1/run/ERR606/ERR6067879/26965_8#4.cram	2bea3a98ba34a3122bf1766c327a02e6
APPG7555879	ERR6067880	ftp.sra.ebi.ac.uk/vol1/run/ERR606/ERR6067880/27003_8#1.cram	b7b6e9d84d1741ab7916efa973f4012f
APPG7555879	ERR6067881	ftp.sra.ebi.ac.uk/vol1/run/ERR606/ERR6067881/27003_8#2.cram	f7e482d99dde6595151d1ba35f19cb47
APPG7555879	ERR6067882	ftp.sra.ebi.ac.uk/vol1/run/ERR606/ERR6067882/27003_8#3.cram	68aa963870315d8c75fe3cad607af1d3
APPG7555879	ERR6067883	ftp.sra.ebi.ac.uk/vol1/run/ERR606/ERR6067883/27003_8#4.cram	dc9789da137ba48ffd350ec1272c74d4
APPG7555880	ERR6067884	ftp.sra.ebi.ac.uk/vol1/run/ERR606/ERR6067884/27031_1#1.cram	6e0e836641b354121d85e9739071347b
APPG7555880	ERR6067885	ftp.sra.ebi.ac.uk/vol1/run/ERR606/ERR6067885/27031_1#2.cram	3c8c24ad79b245283f350dbdbf9d451b
APPG7555880	ERR6067886	ftp.sra.ebi.ac.uk/vol1/run/ERR606/ERR6067886/27031_1#3.cram	e07e1b7608d7213319750bcc7c81beae
APPG7555880	ERR6067887	ftp.sra.ebi.ac.uk/vol1/run/ERR606/ERR6067887/27031_1#4.cram	40be913c847a3d609b03e1f31325059a
APPG7555869	ERR6067888	ftp.sra.ebi.ac.uk/vol1/run/ERR606/ERR6067888/27038_1#1.cram	c6d3305728be2d4fb98e5fccb4dd1d07
APPG7555869	ERR6067889	ftp.sra.ebi.ac.uk/vol1/run/ERR606/ERR6067889/27038_1#2.cram	c394eedfb491941ac306d4c8790cbf3d
APPG7555869	ERR6067890	ftp.sra.ebi.ac.uk/vol1/run/ERR606/ERR6067890/27038_1#3.cram	ce84427c4a8ef819ac942936ebaf20bc
APPG7555869	ERR6067891	ftp.sra.ebi.ac.uk/vol1/run/ERR606/ERR6067891/27038_1#4.cram	cca8e2d15cc0e2a136e88bafac209b1d
APPG7555870	ERR6067892	ftp.sra.ebi.ac.uk/vol1/run/ERR606/ERR6067892/27038_2#1.cram	888cac4426d2967e331d01f28d36e764
APPG7555870	ERR6067893	ftp.sra.ebi.ac.uk/vol1/run/ERR606/ERR6067893/27038_2#2.cram	bc2f316491964bc65c9a1b4617d33623
APPG7555870	ERR6067894	ftp.sra.ebi.ac.uk/vol1/run/ERR606/ERR6067894/27038_2#3.cram	14c7860a94328cbb9b5b9aa23cd19027
APPG7555870	ERR6067895	ftp.sra.ebi.ac.uk/vol1/run/ERR606/ERR6067895/27038_2#4.cram	7c6ce31069c729f4e24cf57f71bde391
APPG7555871	ERR6067896	ftp.sra.ebi.ac.uk/vol1/run/ERR606/ERR6067896/27038_3#1.cram	c1784fcb782e18087a272549aa00141b
APPG7555871	ERR6067897	ftp.sra.ebi.ac.uk/vol1/run/ERR606/ERR6067897/27038_3#2.cram	f51089cdefc8f56a0329083cd33ba0a3
APPG7555871	ERR6067898	ftp.sra.ebi.ac.uk/vol1/run/ERR606/ERR6067898/27038_3#3.cram	8856dc06b1cdb0bbea42020b75b16cef
APPG7555871	ERR6067899	ftp.sra.ebi.ac.uk/vol1/run/ERR606/ERR6067899/27038_3#4.cram	0ee268958e9d4a90fb3142e3baff59bc
APPG7555871	ERR6067900	ftp.sra.ebi.ac.uk/vol1/run/ERR606/ERR6067900/27038_4#1.cram	cbcc4b07d44dd3f2ddce5e05249d7ba9
APPG7555871	ERR6067901	ftp.sra.ebi.ac.uk/vol1/run/ERR606/ERR6067901/27038_4#2.cram	e8c1b72c36e1a583cfa895efa5ae6bb4
APPG7555871	ERR6067902	ftp.sra.ebi.ac.uk/vol1/run/ERR606/ERR6067902/27038_4#3.cram	9c405d227db90871fa5a5c0830a9496a
APPG7555871	ERR6067903	ftp.sra.ebi.ac.uk/vol1/run/ERR606/ERR6067903/27038_4#4.cram	10abc27167873619547becc5cf1a2228
APPG7555872	ERR6067904	ftp.sra.ebi.ac.uk/vol1/run/ERR606/ERR6067904/27038_5#1.cram	8900fc7952cd153f2da89e0720c8cc3c
APPG7555872	ERR6067905	ftp.sra.ebi.ac.uk/vol1/run/ERR606/ERR6067905/27038_5#2.cram	da6da72e47f6d41a9efa96a8dc7be4b0
APPG7555872	ERR6067906	ftp.sra.ebi.ac.uk/vol1/run/ERR606/ERR6067906/27038_5#3.cram	db43fb76d171c724a084f339a506e1b6
APPG7555872	ERR6067907	ftp.sra.ebi.ac.uk/vol1/run/ERR606/ERR6067907/27038_5#4.cram	a0c118c92771c4fd133229bf24e111de
APPG7555881	ERR6067908	ftp.sra.ebi.ac.uk/vol1/run/ERR606/ERR6067908/27055_1#1.cram	290f99b6d830c32d5fb73f9a6841ef0b
APPG7555881	ERR6067909	ftp.sra.ebi.ac.uk/vol1/run/ERR606/ERR6067909/27055_1#2.cram	f71a75abc36a83ba31e06d7e3fb02f23
APPG7555881	ERR6067910	ftp.sra.ebi.ac.uk/vol1/run/ERR606/ERR6067910/27055_1#3.cram	87c9a4b9ed7db894c303e5cffdcb6e5f
APPG7555881	ERR6067911	ftp.sra.ebi.ac.uk/vol1/run/ERR606/ERR6067911/27055_1#4.cram	c8d5baa3a9c7bf93ba1c630b87148249
APPG7555882	ERR6067912	ftp.sra.ebi.ac.uk/vol1/run/ERR606/ERR6067912/27055_2#1.cram	2318005a99517ab4634ca4b911bde9b5
APPG7555882	ERR6067913	ftp.sra.ebi.ac.uk/vol1/run/ERR606/ERR6067913/27055_2#2.cram	7f66259cf15c33e6ef6d35ca0c1ada61
APPG7555882	ERR6067914	ftp.sra.ebi.ac.uk/vol1/run/ERR606/ERR6067914/27055_2#3.cram	2396074c6865c3de9b26467b845033aa
APPG7555882	ERR6067915	ftp.sra.ebi.ac.uk/vol1/run/ERR606/ERR6067915/27055_2#4.cram	e76d6b489317cf3a3f9fff1b89263db2
APPG7555883	ERR6067916	ftp.sra.ebi.ac.uk/vol1/run/ERR606/ERR6067916/27055_3#1.cram	2ee60d51d944dabe6032034b711dcae8
APPG7555883	ERR6067917	ftp.sra.ebi.ac.uk/vol1/run/ERR606/ERR6067917/27055_3#2.cram	be2e1d36c26eb507e10b140553b40efd
APPG7555883	ERR6067918	ftp.sra.ebi.ac.uk/vol1/run/ERR606/ERR6067918/27055_3#3.cram	f8d8f94b8018f7fc3627140e592e612f
APPG7555883	ERR6067919	ftp.sra.ebi.ac.uk/vol1/run/ERR606/ERR6067919/27055_3#4.cram	f5bad92898a3995fd8bd6cbb672f40aa
APPG7555884	ERR6067920	ftp.sra.ebi.ac.uk/vol1/run/ERR606/ERR6067920/27055_4#1.cram	26da1012de9b8ada11c98f7473b8a469
APPG7555884	ERR6067921	ftp.sra.ebi.ac.uk/vol1/run/ERR606/ERR6067921/27055_4#2.cram	4a9e613c141803d3837312275c8ec8db
APPG7555884	ERR6067922	ftp.sra.ebi.ac.uk/vol1/run/ERR606/ERR6067922/27055_4#3.cram	6a36a2a3ae8c5ef8c43ee6c8c0f32e83
APPG7555884	ERR6067923	ftp.sra.ebi.ac.uk/vol1/run/ERR606/ERR6067923/27055_4#4.cram	50d9975da8242c7597fce927f3f4128f
APPG7555885	ERR6067924	ftp.sra.ebi.ac.uk/vol1/run/ERR606/ERR6067924/27055_5#1.cram	ca7521fb0f764af1526685a5f620a0c5
APPG7555885	ERR6067925	ftp.sra.ebi.ac.uk/vol1/run/ERR606/ERR6067925/27055_5#2.cram	8f2883cf66e2a955aaaec762d9bb0d2a
APPG7555885	ERR6067926	ftp.sra.ebi.ac.uk/vol1/run/ERR606/ERR6067926/27055_5#3.cram	177c865ee89aa1349812db5d5e757f22
APPG7555885	ERR6067927	ftp.sra.ebi.ac.uk/vol1/run/ERR606/ERR6067927/27055_5#4.cram	21320d52e02667c74a173a25891f02a2
APPG7555886	ERR6067928	ftp.sra.ebi.ac.uk/vol1/run/ERR606/ERR6067928/27055_6#1.cram	72c3ea5854745cd7e2448052baabdb37
APPG7555886	ERR6067929	ftp.sra.ebi.ac.uk/vol1/run/ERR606/ERR6067929/27055_6#2.cram	f89f7a225496df8a0380669eb6910fc3
APPG7555886	ERR6067930	ftp.sra.ebi.ac.uk/vol1/run/ERR606/ERR6067930/27055_6#3.cram	e2b5c8a263d32a51ad170938baaed9b9
APPG7555886	ERR6067931	ftp.sra.ebi.ac.uk/vol1/run/ERR606/ERR6067931/27055_6#4.cram	3e993e5491a7588bba4b9a9f7eaac588
APPG7555887	ERR6067932	ftp.sra.ebi.ac.uk/vol1/run/ERR606/ERR6067932/27055_7#1.cram	06dc7c4cd0b7650a7b56ea3bd64138d4
APPG7555887	ERR6067933	ftp.sra.ebi.ac.uk/vol1/run/ERR606/ERR6067933/27055_7#2.cram	e40e06dd74f937b8d179c300993232d4
APPG7555887	ERR6067934	ftp.sra.ebi.ac.uk/vol1/run/ERR606/ERR6067934/27055_7#3.cram	228bffb1c1d5dd3751375d7c3f63c7b9
APPG7555887	ERR6067935	ftp.sra.ebi.ac.uk/vol1/run/ERR606/ERR6067935/27055_7#4.cram	277a1534cf129d0c886d6b8d052b4923
APPG7555888	ERR6067936	ftp.sra.ebi.ac.uk/vol1/run/ERR606/ERR6067936/27055_8#1.cram	072cf30ec784a36fc2e4ceb04542ab57
APPG7555888	ERR6067937	ftp.sra.ebi.ac.uk/vol1/run/ERR606/ERR6067937/27055_8#2.cram	e98761059277e44815c4a530929c7136
APPG7555888	ERR6067938	ftp.sra.ebi.ac.uk/vol1/run/ERR606/ERR6067938/27055_8#3.cram	c3749c6704b5af215abdfadca32cde0b
APPG7555888	ERR6067939	ftp.sra.ebi.ac.uk/vol1/run/ERR606/ERR6067939/27055_8#4.cram	3974d15a00cc89f41f4f8eb5c3cff707
APPG7555889	ERR6067940	ftp.sra.ebi.ac.uk/vol1/run/ERR606/ERR6067940/27099_1#1.cram	dab3a65989982b95b0cf21d5539a2719
APPG7555889	ERR6067941	ftp.sra.ebi.ac.uk/vol1/run/ERR606/ERR6067941/27099_1#2.cram	49c846bdcf25580e239a500e12bdbcc7
APPG7555889	ERR6067942	ftp.sra.ebi.ac.uk/vol1/run/ERR606/ERR6067942/27099_1#3.cram	20df70a488b7206b423b924d6979afd2
APPG7555889	ERR6067943	ftp.sra.ebi.ac.uk/vol1/run/ERR606/ERR6067943/27099_1#4.cram	3e02c47938b6796ca40b5e31bd9fe27a
APPG7555890	ERR6067944	ftp.sra.ebi.ac.uk/vol1/run/ERR606/ERR6067944/27099_2#1.cram	f3f0d1baa57a763ad39a367930fc1ee5
APPG7555890	ERR6067945	ftp.sra.ebi.ac.uk/vol1/run/ERR606/ERR6067945/27099_2#2.cram	a998eb04b9b05a1f292b2bf19e0a4176
APPG7555890	ERR6067946	ftp.sra.ebi.ac.uk/vol1/run/ERR606/ERR6067946/27099_2#3.cram	45b0bed190cd99d00886e27a8c05af7d
APPG7555890	ERR6067947	ftp.sra.ebi.ac.uk/vol1/run/ERR606/ERR6067947/27099_2#4.cram	4dba01dcd8ca284ff2000bde350c7c70
APPG7555891	ERR6067948	ftp.sra.ebi.ac.uk/vol1/run/ERR606/ERR6067948/27099_3#1.cram	c74f0cc948e7e06f41bd82bff75a8fc0
APPG7555891	ERR6067949	ftp.sra.ebi.ac.uk/vol1/run/ERR606/ERR6067949/27099_3#2.cram	7809137d02c5e05bde815891c050e20c
APPG7555891	ERR6067950	ftp.sra.ebi.ac.uk/vol1/run/ERR606/ERR6067950/27099_3#3.cram	3b8f1bceebba72e1e2d1749a6776dfb3
APPG7555891	ERR6067951	ftp.sra.ebi.ac.uk/vol1/run/ERR606/ERR6067951/27099_3#4.cram	e395f1f9a69231c998cfa43b61914caf
APPG7555892	ERR6067952	ftp.sra.ebi.ac.uk/vol1/run/ERR606/ERR6067952/27099_4#1.cram	b9ee4452401f980c7908da5f1e5b26fe
APPG7555892	ERR6067953	ftp.sra.ebi.ac.uk/vol1/run/ERR606/ERR6067953/27099_4#2.cram	3c76eaa4912410a314db34e7b33f476a
APPG7555892	ERR6067954	ftp.sra.ebi.ac.uk/vol1/run/ERR606/ERR6067954/27099_4#3.cram	cc5984b8ce77549ce40a9914564afc7c
APPG7555892	ERR6067955	ftp.sra.ebi.ac.uk/vol1/run/ERR606/ERR6067955/27099_4#4.cram	eae9a4cee870e25f05b7be435fe361e5
APPG7555893	ERR6067956	ftp.sra.ebi.ac.uk/vol1/run/ERR606/ERR6067956/27099_5#1.cram	b609ad423dae683cfbff7d0613ca338f
APPG7555893	ERR6067957	ftp.sra.ebi.ac.uk/vol1/run/ERR606/ERR6067957/27099_5#2.cram	a3c79997a0fb952cb42188eaf115ec15
APPG7555893	ERR6067958	ftp.sra.ebi.ac.uk/vol1/run/ERR606/ERR6067958/27099_5#3.cram	f0ad9a976a682e8e41a9b5c287462556
APPG7555893	ERR6067959	ftp.sra.ebi.ac.uk/vol1/run/ERR606/ERR6067959/27099_5#4.cram	269b4df06324f77f22c68371755a339c
APPG7555894	ERR6067960	ftp.sra.ebi.ac.uk/vol1/run/ERR606/ERR6067960/27099_6#1.cram	995510714df19753da03a3c410236a5f
APPG7555894	ERR6067961	ftp.sra.ebi.ac.uk/vol1/run/ERR606/ERR6067961/27099_6#2.cram	6105db8465fc5b6acaefa262b896c90f
APPG7555894	ERR6067962	ftp.sra.ebi.ac.uk/vol1/run/ERR606/ERR6067962/27099_6#3.cram	15cb7cdb8ff1ec649051e33ff4241fbd
APPG7555894	ERR6067963	ftp.sra.ebi.ac.uk/vol1/run/ERR606/ERR6067963/27099_6#4.cram	4ce4cfc073abf7cae032453f59cf2354
APPG7555895	ERR6067964	ftp.sra.ebi.ac.uk/vol1/run/ERR606/ERR6067964/27099_7#1.cram	e967f5238f218b96370ff26eaf542e8c
APPG7555895	ERR6067965	ftp.sra.ebi.ac.uk/vol1/run/ERR606/ERR6067965/27099_7#2.cram	202ebc60d7107e916786044760f1efbe
APPG7555895	ERR6067966	ftp.sra.ebi.ac.uk/vol1/run/ERR606/ERR6067966/27099_7#3.cram	5dcbdb54a4a977419afd0626ab6e91fd
APPG7555895	ERR6067967	ftp.sra.ebi.ac.uk/vol1/run/ERR606/ERR6067967/27099_7#4.cram	62d8050fa5c1b5279bb779c6451d358d
APPG7555896	ERR6067968	ftp.sra.ebi.ac.uk/vol1/run/ERR606/ERR6067968/27412_2#1.cram	33583ec8bf324302ce088a92146a5190
APPG7555896	ERR6067969	ftp.sra.ebi.ac.uk/vol1/run/ERR606/ERR6067969/27412_2#2.cram	685e21f87f5fdf81ebb9b79e13e72491
APPG7555896	ERR6067970	ftp.sra.ebi.ac.uk/vol1/run/ERR606/ERR6067970/27412_2#3.cram	2a7bd971d0e2b2709e44f6889c3c4c6f
APPG7555896	ERR6067971	ftp.sra.ebi.ac.uk/vol1/run/ERR606/ERR6067971/27412_2#4.cram	e972a950115b3d7331570a1628199a83
APPG7555897	ERR6067972	ftp.sra.ebi.ac.uk/vol1/run/ERR606/ERR6067972/27412_3#1.cram	06fa3a9890df3c6b9bdf2198fdeb54a4
APPG7555897	ERR6067973	ftp.sra.ebi.ac.uk/vol1/run/ERR606/ERR6067973/27412_3#2.cram	8638583151cb6d27a5dcd6a8265b8dd7
APPG7555897	ERR6067974	ftp.sra.ebi.ac.uk/vol1/run/ERR606/ERR6067974/27412_3#3.cram	e3a5734d84a7530d1be8817de4bb3735
APPG7555897	ERR6067975	ftp.sra.ebi.ac.uk/vol1/run/ERR606/ERR6067975/27412_3#4.cram	69b4cb0d42654b2d185fb16f5f852291
APPG7555898	ERR6067976	ftp.sra.ebi.ac.uk/vol1/run/ERR606/ERR6067976/27412_4#1.cram	1d68c9d1a97bc0acf9f0250b7d1d1608
APPG7555898	ERR6067977	ftp.sra.ebi.ac.uk/vol1/run/ERR606/ERR6067977/27412_4#2.cram	50599bab1fbfa82295c96d7190a29d1b
APPG7555898	ERR6067978	ftp.sra.ebi.ac.uk/vol1/run/ERR606/ERR6067978/27412_4#3.cram	80724bde37832389d37405cce39916fd
APPG7555898	ERR6067979	ftp.sra.ebi.ac.uk/vol1/run/ERR606/ERR6067979/27412_4#4.cram	c1b0d5b7e1077c1f73578979c46f01bf
APPG7555899	ERR6067980	ftp.sra.ebi.ac.uk/vol1/run/ERR606/ERR6067980/27412_5#1.cram	c2389bf034f2f9baa4208031a49b5ae7
APPG7555899	ERR6067981	ftp.sra.ebi.ac.uk/vol1/run/ERR606/ERR6067981/27412_5#2.cram	f0fb80310d23d5073ab91451c046f12d
APPG7555899	ERR6067982	ftp.sra.ebi.ac.uk/vol1/run/ERR606/ERR6067982/27412_5#3.cram	d9812d189475b84e282cd1f1a06dfdcc
APPG7555899	ERR6067983	ftp.sra.ebi.ac.uk/vol1/run/ERR606/ERR6067983/27412_5#4.cram	b5f42d47f54d5793137683ede73cd5f6
APPG7555900	ERR6067984	ftp.sra.ebi.ac.uk/vol1/run/ERR606/ERR6067984/27412_6#1.cram	c52199c214af88cc7aa2eaa4c2690b73
APPG7555900	ERR6067985	ftp.sra.ebi.ac.uk/vol1/run/ERR606/ERR6067985/27412_6#2.cram	4240c02f7198ef70bebae328d54282d1
APPG7555900	ERR6067986	ftp.sra.ebi.ac.uk/vol1/run/ERR606/ERR6067986/27412_6#3.cram	9b9a8846c7b94f04f2373fe180e785c9
APPG7555900	ERR6067987	ftp.sra.ebi.ac.uk/vol1/run/ERR606/ERR6067987/27412_6#4.cram	570108186693fed9acc9e3f31dcdaccd
APPG7555901	ERR6067988	ftp.sra.ebi.ac.uk/vol1/run/ERR606/ERR6067988/27412_7#1.cram	ce7c3d7cde2831607f3c2be3b9972572
APPG7555901	ERR6067989	ftp.sra.ebi.ac.uk/vol1/run/ERR606/ERR6067989/27412_7#2.cram	5aac22afa320cd7a41c84f8b916af75a
APPG7555901	ERR6067990	ftp.sra.ebi.ac.uk/vol1/run/ERR606/ERR6067990/27412_7#3.cram	7786b073545c1fcd20b0b0e17d2f39c8
APPG7555901	ERR6067991	ftp.sra.ebi.ac.uk/vol1/run/ERR606/ERR6067991/27412_7#4.cram	249c0f3c9aba17fb2127821d32aec6be
APPG7555902	ERR6067992	ftp.sra.ebi.ac.uk/vol1/run/ERR606/ERR6067992/27412_8#1.cram	a8bd9c43e4ad4bf2072e9bf24de17f31
APPG7555902	ERR6067993	ftp.sra.ebi.ac.uk/vol1/run/ERR606/ERR6067993/27412_8#2.cram	167fa78116fab2d45052b7b314327e1b
APPG7555902	ERR6067994	ftp.sra.ebi.ac.uk/vol1/run/ERR606/ERR6067994/27412_8#3.cram	dae7a05d78a515c69b326e1c4c0ab65a
APPG7555902	ERR6067995	ftp.sra.ebi.ac.uk/vol1/run/ERR606/ERR6067995/27412_8#4.cram	0286b55ab85473509569502e50040643
APPG7555927	ERR6067996	ftp.sra.ebi.ac.uk/vol1/run/ERR606/ERR6067996/27426_1#1.cram	7b078994811bb1fc03903d04e1b2e5b8
APPG7555927	ERR6067997	ftp.sra.ebi.ac.uk/vol1/run/ERR606/ERR6067997/27426_1#2.cram	a6d0899402ef0fb341b32695e326d492
APPG7555927	ERR6067998	ftp.sra.ebi.ac.uk/vol1/run/ERR606/ERR6067998/27426_1#3.cram	7acb5734f926aebd047aeb94d626309c
APPG7555927	ERR6067999	ftp.sra.ebi.ac.uk/vol1/run/ERR606/ERR6067999/27426_1#4.cram	468466c4b692006e8cd9c4a05ce0c4f7
APPG7555928	ERR6068000	ftp.sra.ebi.ac.uk/vol1/run/ERR606/ERR6068000/27426_2#1.cram	824890ca2f8cf377e8c83c5d6a0105c8
APPG7555928	ERR6068001	ftp.sra.ebi.ac.uk/vol1/run/ERR606/ERR6068001/27426_2#2.cram	417e9200633f80b0b8e76fe0348b2cb4
APPG7555928	ERR6068002	ftp.sra.ebi.ac.uk/vol1/run/ERR606/ERR6068002/27426_2#3.cram	65af66fe40ad9d767b3b026ed14d4ee3
APPG7555928	ERR6068003	ftp.sra.ebi.ac.uk/vol1/run/ERR606/ERR6068003/27426_2#4.cram	2a9f874ff49c8305dd704cb264efda24
APPG7555929	ERR6068004	ftp.sra.ebi.ac.uk/vol1/run/ERR606/ERR6068004/27426_3#1.cram	d0be15cf632d4a0b9c89f81679d5dd75
APPG7555929	ERR6068005	ftp.sra.ebi.ac.uk/vol1/run/ERR606/ERR6068005/27426_3#2.cram	306fab373a9fc2ffb37c3fda3807ac27
APPG7555929	ERR6068006	ftp.sra.ebi.ac.uk/vol1/run/ERR606/ERR6068006/27426_3#3.cram	1b3032e71dcbfbe9798c0ba3b3429f2d
APPG7555929	ERR6068007	ftp.sra.ebi.ac.uk/vol1/run/ERR606/ERR6068007/27426_3#4.cram	9b71975360b04ecf949be456b2ce2a1c
APPG7555930	ERR6068008	ftp.sra.ebi.ac.uk/vol1/run/ERR606/ERR6068008/27426_4#1.cram	261b832d7744f8c0e719d80d75a2505c
APPG7555930	ERR6068009	ftp.sra.ebi.ac.uk/vol1/run/ERR606/ERR6068009/27426_4#2.cram	e0c68e7ac9cce186cb13e562f2838718
APPG7555930	ERR6068010	ftp.sra.ebi.ac.uk/vol1/run/ERR606/ERR6068010/27426_4#3.cram	8c3b01e1b5be04ef7d610f006216238c
APPG7555930	ERR6068011	ftp.sra.ebi.ac.uk/vol1/run/ERR606/ERR6068011/27426_4#4.cram	afc8d2f6bc49eed2c41269fe9a2678a2
APPG7555931	ERR6068012	ftp.sra.ebi.ac.uk/vol1/run/ERR606/ERR6068012/27426_5#1.cram	c57fdc36323684ac5c39658c925e153f
APPG7555931	ERR6068013	ftp.sra.ebi.ac.uk/vol1/run/ERR606/ERR6068013/27426_5#2.cram	55f637587098fefc871c2bbfeb33a309
APPG7555931	ERR6068014	ftp.sra.ebi.ac.uk/vol1/run/ERR606/ERR6068014/27426_5#3.cram	ee66947f597d7d107cfb3d6a8004df45
APPG7555931	ERR6068015	ftp.sra.ebi.ac.uk/vol1/run/ERR606/ERR6068015/27426_5#4.cram	d09f53f3c229a832b33c6796211058f0
APPG7555932	ERR6068016	ftp.sra.ebi.ac.uk/vol1/run/ERR606/ERR6068016/27426_6#1.cram	3be3f9a98bd5c0c7927c7ee75c73a1f1
APPG7555932	ERR6068017	ftp.sra.ebi.ac.uk/vol1/run/ERR606/ERR6068017/27426_6#2.cram	5a7d559d0db5a5cac973da24081b79c0
APPG7555932	ERR6068018	ftp.sra.ebi.ac.uk/vol1/run/ERR606/ERR6068018/27426_6#3.cram	fbb8f9835bf6df0c322c71330d8e9cd7
APPG7555932	ERR6068019	ftp.sra.ebi.ac.uk/vol1/run/ERR606/ERR6068019/27426_6#4.cram	93d9872b382640794f1d56e76a4034c6
APPG7555933	ERR6068020	ftp.sra.ebi.ac.uk/vol1/run/ERR606/ERR6068020/27426_7#1.cram	a2a18b975bb726b2c15f75932d337287
APPG7555933	ERR6068021	ftp.sra.ebi.ac.uk/vol1/run/ERR606/ERR6068021/27426_7#2.cram	1b68b181b65e8be5b6578a0cb4d8e8f7
APPG7555933	ERR6068022	ftp.sra.ebi.ac.uk/vol1/run/ERR606/ERR6068022/27426_7#3.cram	149a564d638ccf2ef014475daa5d9d70
APPG7555933	ERR6068023	ftp.sra.ebi.ac.uk/vol1/run/ERR606/ERR6068023/27426_7#4.cram	4212f7afc7a34b83ca1f35b9af723444
APPG7555934	ERR6068024	ftp.sra.ebi.ac.uk/vol1/run/ERR606/ERR6068024/27426_8#1.cram	6b0ef894979c6c13beb8947efee5495e
APPG7555934	ERR6068025	ftp.sra.ebi.ac.uk/vol1/run/ERR606/ERR6068025/27426_8#2.cram	3c156b3028f72db37a64c983d894100f
APPG7555934	ERR6068026	ftp.sra.ebi.ac.uk/vol1/run/ERR606/ERR6068026/27426_8#3.cram	a8d12791d5d0753d1feea35f2590c12b
APPG7555934	ERR6068027	ftp.sra.ebi.ac.uk/vol1/run/ERR606/ERR6068027/27426_8#4.cram	54a48935ccaff54d8b24c27685cca711
APPG7555911	ERR6068028	ftp.sra.ebi.ac.uk/vol1/run/ERR606/ERR6068028/27453_3#1.cram	5338e5ea701f0e8914f6bf3b885e2991
APPG7555911	ERR6068029	ftp.sra.ebi.ac.uk/vol1/run/ERR606/ERR6068029/27453_3#2.cram	5a8b6d230fe68d2a856c4204cdea047f
APPG7555911	ERR6068030	ftp.sra.ebi.ac.uk/vol1/run/ERR606/ERR6068030/27453_3#3.cram	35074af7222afa56d319993b88428d84
APPG7555911	ERR6068031	ftp.sra.ebi.ac.uk/vol1/run/ERR606/ERR6068031/27453_3#4.cram	e0ab7b15fa411f4e4c93036295671089
APPG7555912	ERR6068032	ftp.sra.ebi.ac.uk/vol1/run/ERR606/ERR6068032/27453_4#1.cram	af93080d8715b682f76f6ea7da479f82
APPG7555912	ERR6068033	ftp.sra.ebi.ac.uk/vol1/run/ERR606/ERR6068033/27453_4#2.cram	fb8c7671a57344623a5180b70100c8a4
APPG7555912	ERR6068034	ftp.sra.ebi.ac.uk/vol1/run/ERR606/ERR6068034/27453_4#3.cram	e2a784e838265049eb25e008aa80896a
APPG7555912	ERR6068035	ftp.sra.ebi.ac.uk/vol1/run/ERR606/ERR6068035/27453_4#4.cram	bf26df5c786ce2d024433855187a307d
APPG7555913	ERR6068036	ftp.sra.ebi.ac.uk/vol1/run/ERR606/ERR6068036/27453_5#1.cram	741b8c9bb4ab6f777d838a573b3f503b
APPG7555913	ERR6068037	ftp.sra.ebi.ac.uk/vol1/run/ERR606/ERR6068037/27453_5#2.cram	5020d7bbeb601b39345ffb2578938b88
APPG7555913	ERR6068038	ftp.sra.ebi.ac.uk/vol1/run/ERR606/ERR6068038/27453_5#3.cram	3cd107b746e553e013b7fe4ce4f76c9f
APPG7555913	ERR6068039	ftp.sra.ebi.ac.uk/vol1/run/ERR606/ERR6068039/27453_5#4.cram	4dee7ce84e14b8eb7f3f934222b056f8
APPG7555914	ERR6068040	ftp.sra.ebi.ac.uk/vol1/run/ERR606/ERR6068040/27453_6#1.cram	385d665c8736a173df897da0cf3287b2
APPG7555914	ERR6068041	ftp.sra.ebi.ac.uk/vol1/run/ERR606/ERR6068041/27453_6#2.cram	2e98706273500d8e9d7f101a17326075
APPG7555914	ERR6068042	ftp.sra.ebi.ac.uk/vol1/run/ERR606/ERR6068042/27453_6#3.cram	7350b4d864f24f97cd53c73220a44a16
APPG7555914	ERR6068043	ftp.sra.ebi.ac.uk/vol1/run/ERR606/ERR6068043/27453_6#4.cram	5bb315283f9959284517e5cf4908c369
APPG7555915	ERR6068044	ftp.sra.ebi.ac.uk/vol1/run/ERR606/ERR6068044/27453_7#1.cram	592c220cae9c420c0eb9a11b0479e0bf
APPG7555915	ERR6068045	ftp.sra.ebi.ac.uk/vol1/run/ERR606/ERR6068045/27453_7#2.cram	0c342da566a9d6b4fc5f45c8f13bbecf
APPG7555915	ERR6068046	ftp.sra.ebi.ac.uk/vol1/run/ERR606/ERR6068046/27453_7#3.cram	d5f4f290675198c75421a19e8c70b824
APPG7555915	ERR6068047	ftp.sra.ebi.ac.uk/vol1/run/ERR606/ERR6068047/27453_7#4.cram	415dc0b5ee9bdc76c6036005ff41ea54
APPG7555916	ERR6068048	ftp.sra.ebi.ac.uk/vol1/run/ERR606/ERR6068048/27461_3#1.cram	7b4a6e22bcc17264915384a36e2e4859
APPG7555916	ERR6068049	ftp.sra.ebi.ac.uk/vol1/run/ERR606/ERR6068049/27461_3#2.cram	15a4035cc98f54ab40651d34390c0efe
APPG7555916	ERR6068050	ftp.sra.ebi.ac.uk/vol1/run/ERR606/ERR6068050/27461_3#3.cram	e60ad691d7d9cfea7ba1ac2dcab959ac
APPG7555916	ERR6068051	ftp.sra.ebi.ac.uk/vol1/run/ERR606/ERR6068051/27461_3#4.cram	daa8b5fedadfb9614596e437cea35393
APPG7555918	ERR6068052	ftp.sra.ebi.ac.uk/vol1/run/ERR606/ERR6068052/27461_4#1.cram	d6fe81927a05c86da5d99e3dc77ee675
APPG7555918	ERR6068053	ftp.sra.ebi.ac.uk/vol1/run/ERR606/ERR6068053/27461_4#2.cram	b741758590fb85500101bdb8a62f92fe
APPG7555918	ERR6068054	ftp.sra.ebi.ac.uk/vol1/run/ERR606/ERR6068054/27461_4#3.cram	d858f4d6d2001f58bcaecc0fcd3d0d0a
APPG7555918	ERR6068055	ftp.sra.ebi.ac.uk/vol1/run/ERR606/ERR6068055/27461_4#4.cram	750082f9d5bb49acba6ebe91a132e7b2
APPG7555943	ERR6068056	ftp.sra.ebi.ac.uk/vol1/run/ERR606/ERR6068056/27489_1#1.cram	8e4de797e912ab9f718466ceb0dcf45d
APPG7555943	ERR6068057	ftp.sra.ebi.ac.uk/vol1/run/ERR606/ERR6068057/27489_1#2.cram	14e98401c03b209fe49a56a1af730028
APPG7555943	ERR6068058	ftp.sra.ebi.ac.uk/vol1/run/ERR606/ERR6068058/27489_1#3.cram	55acf9bdda6e9bce1743ea04425b0ebd
APPG7555943	ERR6068059	ftp.sra.ebi.ac.uk/vol1/run/ERR606/ERR6068059/27489_1#4.cram	012f831e140c08bcd7b75ece5427460e
APPG7555944	ERR6068060	ftp.sra.ebi.ac.uk/vol1/run/ERR606/ERR6068060/27489_2#1.cram	1dd93419bb5cb1d6762b28aa4cf83e8a
APPG7555944	ERR6068061	ftp.sra.ebi.ac.uk/vol1/run/ERR606/ERR6068061/27489_2#2.cram	4a3567a2ce52649f304aad266b04f4bf
APPG7555944	ERR6068062	ftp.sra.ebi.ac.uk/vol1/run/ERR606/ERR6068062/27489_2#3.cram	ec0e17c5fa873d9e8a8b7d1cb57b38b6
APPG7555944	ERR6068063	ftp.sra.ebi.ac.uk/vol1/run/ERR606/ERR6068063/27489_2#4.cram	ec773bfea69faaf5262f3e93539ecf91
APPG7555945	ERR6068064	ftp.sra.ebi.ac.uk/vol1/run/ERR606/ERR6068064/27489_3#1.cram	8041cebb3928a0359d8abe25397939d8
APPG7555945	ERR6068065	ftp.sra.ebi.ac.uk/vol1/run/ERR606/ERR6068065/27489_3#2.cram	7593c745ee40653f4f12847331b9116c
APPG7555945	ERR6068066	ftp.sra.ebi.ac.uk/vol1/run/ERR606/ERR6068066/27489_3#3.cram	9e98cd0daf1ac67d118b52ee6cde3c25
APPG7555945	ERR6068067	ftp.sra.ebi.ac.uk/vol1/run/ERR606/ERR6068067/27489_3#4.cram	74cf103a7a9d0a817e0088281b761a3a
APPG7555946	ERR6068068	ftp.sra.ebi.ac.uk/vol1/run/ERR606/ERR6068068/27489_4#1.cram	ba015d5bab1480a27f2c4833f1435280
APPG7555946	ERR6068069	ftp.sra.ebi.ac.uk/vol1/run/ERR606/ERR6068069/27489_4#2.cram	c0cda12d0ad038efb9cefe698c505bed
APPG7555946	ERR6068070	ftp.sra.ebi.ac.uk/vol1/run/ERR606/ERR6068070/27489_4#3.cram	9a5c6c999e74fa1e09fe14054ec02a78
APPG7555946	ERR6068071	ftp.sra.ebi.ac.uk/vol1/run/ERR606/ERR6068071/27489_4#4.cram	85e094bd4bbdf51cacf55a3618187a27
APPG7555947	ERR6068072	ftp.sra.ebi.ac.uk/vol1/run/ERR606/ERR6068072/27489_5#1.cram	022ab6bc6b2fa2a76a9f5b751342e30a
APPG7555947	ERR6068073	ftp.sra.ebi.ac.uk/vol1/run/ERR606/ERR6068073/27489_5#2.cram	913477ea9ff6a98c1f0f6e1e414c0402
APPG7555947	ERR6068074	ftp.sra.ebi.ac.uk/vol1/run/ERR606/ERR6068074/27489_5#3.cram	f36949c558cc74860115af0a6811fbc6
APPG7555947	ERR6068075	ftp.sra.ebi.ac.uk/vol1/run/ERR606/ERR6068075/27489_5#4.cram	77e945fd3041f4a98c6d0d524f3ea107
APPG7555948	ERR6068076	ftp.sra.ebi.ac.uk/vol1/run/ERR606/ERR6068076/27489_6#1.cram	86d1e9e26c863c3afdffa83953e48d2a
APPG7555948	ERR6068077	ftp.sra.ebi.ac.uk/vol1/run/ERR606/ERR6068077/27489_6#2.cram	782195570915a4d485938296385bc834
APPG7555948	ERR6068078	ftp.sra.ebi.ac.uk/vol1/run/ERR606/ERR6068078/27489_6#3.cram	404f9e3747a557be39feb668cc2e4274
APPG7555948	ERR6068079	ftp.sra.ebi.ac.uk/vol1/run/ERR606/ERR6068079/27489_6#4.cram	a9ef39ec3d09f4cd3a6b7cb14ff55b6e
APPG7555949	ERR6068080	ftp.sra.ebi.ac.uk/vol1/run/ERR606/ERR6068080/27489_7#1.cram	56bc9f307b3002bc27639d81720416ab
APPG7555949	ERR6068081	ftp.sra.ebi.ac.uk/vol1/run/ERR606/ERR6068081/27489_7#2.cram	e8032eba9e7f715f9a8a410aae7798ab
APPG7555949	ERR6068082	ftp.sra.ebi.ac.uk/vol1/run/ERR606/ERR6068082/27489_7#3.cram	fca136d813ec047ca7a24de13d58e50d
APPG7555949	ERR6068083	ftp.sra.ebi.ac.uk/vol1/run/ERR606/ERR6068083/27489_7#4.cram	ffc80ab1cbd3613c42750281dbd0de97
APPG7555950	ERR6068084	ftp.sra.ebi.ac.uk/vol1/run/ERR606/ERR6068084/27489_8#1.cram	a3dd270eded5218c82cb6a3376be2306
APPG7555950	ERR6068085	ftp.sra.ebi.ac.uk/vol1/run/ERR606/ERR6068085/27489_8#2.cram	6276dbcb5b26bf5d0f92d6fbba188cac
APPG7555950	ERR6068086	ftp.sra.ebi.ac.uk/vol1/run/ERR606/ERR6068086/27489_8#3.cram	dfbf5a0871e6a6b7f9b33a4c5fb89345
APPG7555950	ERR6068087	ftp.sra.ebi.ac.uk/vol1/run/ERR606/ERR6068087/27489_8#4.cram	f6eb0b2779ed255fade076be604785d3
APPG7555939	ERR6068088	ftp.sra.ebi.ac.uk/vol1/run/ERR606/ERR6068088/27491_1#1.cram	841c34c5d82dfa176e6515f7747a9757
APPG7555939	ERR6068089	ftp.sra.ebi.ac.uk/vol1/run/ERR606/ERR6068089/27491_1#2.cram	7b8cc0c53dd591e883d922a411e2e4ad
APPG7555939	ERR6068090	ftp.sra.ebi.ac.uk/vol1/run/ERR606/ERR6068090/27491_1#3.cram	1f1e679a9f7ec0bc0f2b9193067f2952
APPG7555939	ERR6068091	ftp.sra.ebi.ac.uk/vol1/run/ERR606/ERR6068091/27491_1#4.cram	80c992ad83a4174c961b4e34c9131462
APPG7555941	ERR6068092	ftp.sra.ebi.ac.uk/vol1/run/ERR606/ERR6068092/27491_3#1.cram	2193c3ee4fda3dad57c0380a8a930bb2
APPG7555941	ERR6068093	ftp.sra.ebi.ac.uk/vol1/run/ERR606/ERR6068093/27491_3#2.cram	09564e58e4264edaaf40d037d98bf114
APPG7555941	ERR6068094	ftp.sra.ebi.ac.uk/vol1/run/ERR606/ERR6068094/27491_3#3.cram	2ad43e7d503b6203e9cec6a4ca21feba
APPG7555941	ERR6068095	ftp.sra.ebi.ac.uk/vol1/run/ERR606/ERR6068095/27491_3#4.cram	25d9c980650b60ff3c56f71d71eefc15
APPG7555942	ERR6068096	ftp.sra.ebi.ac.uk/vol1/run/ERR606/ERR6068096/27491_4#1.cram	7cc5ff3aa5c16f0b14e911f3bbb82fd9
APPG7555942	ERR6068097	ftp.sra.ebi.ac.uk/vol1/run/ERR606/ERR6068097/27491_4#2.cram	1e0a76d042eb3e44971b0d899704dd5f
APPG7555942	ERR6068098	ftp.sra.ebi.ac.uk/vol1/run/ERR606/ERR6068098/27491_4#3.cram	b915b15623da35755f7f0d1c0cf9e057
APPG7555942	ERR6068099	ftp.sra.ebi.ac.uk/vol1/run/ERR606/ERR6068099/27491_4#4.cram	b979a871acffb74b6ce37b8840175293
APPG7555935	ERR6068100	ftp.sra.ebi.ac.uk/vol1/run/ERR606/ERR6068100/27492_8#1.cram	edf4c07b1bc78424ca65ac4419ec6f5c
APPG7555935	ERR6068101	ftp.sra.ebi.ac.uk/vol1/run/ERR606/ERR6068101/27492_8#2.cram	1fcb704c270e09927b244062b3bb96a2
APPG7555935	ERR6068102	ftp.sra.ebi.ac.uk/vol1/run/ERR606/ERR6068102/27492_8#3.cram	c70cc9cb678b8464edc724c660698a50
APPG7555935	ERR6068103	ftp.sra.ebi.ac.uk/vol1/run/ERR606/ERR6068103/27492_8#4.cram	12257f7e0e0b9d19737cb7a094f5648b
APPG7555903	ERR6068104	ftp.sra.ebi.ac.uk/vol1/run/ERR606/ERR6068104/27493_1#1.cram	718573468f3673022b592064af121df6
APPG7555903	ERR6068105	ftp.sra.ebi.ac.uk/vol1/run/ERR606/ERR6068105/27493_1#2.cram	e2cfe8c05d7009d7de8dfd8c27d49a31
APPG7555903	ERR6068106	ftp.sra.ebi.ac.uk/vol1/run/ERR606/ERR6068106/27493_1#3.cram	28e4205279b0492dc3cf2ce478216394
APPG7555903	ERR6068107	ftp.sra.ebi.ac.uk/vol1/run/ERR606/ERR6068107/27493_1#4.cram	52aa828407e523fb46a52eb41c291c77
APPG7555904	ERR6068108	ftp.sra.ebi.ac.uk/vol1/run/ERR606/ERR6068108/27493_2#1.cram	6a9812bf778e54f89c57b0bffdc9785a
APPG7555904	ERR6068109	ftp.sra.ebi.ac.uk/vol1/run/ERR606/ERR6068109/27493_2#2.cram	5f6faff952c24f0d7a428c1e38775de2
APPG7555904	ERR6068110	ftp.sra.ebi.ac.uk/vol1/run/ERR606/ERR6068110/27493_2#3.cram	9f6a19283d26ae76408457ebc22b3be1
APPG7555904	ERR6068111	ftp.sra.ebi.ac.uk/vol1/run/ERR606/ERR6068111/27493_2#4.cram	f64800e8e9a4363c00f6fb11336acf13
APPG7555905	ERR6068112	ftp.sra.ebi.ac.uk/vol1/run/ERR606/ERR6068112/27493_3#1.cram	6419f880b171cbd51f1125e921ae269f
APPG7555905	ERR6068113	ftp.sra.ebi.ac.uk/vol1/run/ERR606/ERR6068113/27493_3#2.cram	b99c56cbec29713bb784beccc5113595
APPG7555905	ERR6068114	ftp.sra.ebi.ac.uk/vol1/run/ERR606/ERR6068114/27493_3#3.cram	7b6707039dcfbb6deec5f632fd19d51a
APPG7555905	ERR6068115	ftp.sra.ebi.ac.uk/vol1/run/ERR606/ERR6068115/27493_3#4.cram	8c5b12d1299554367c8dac4d588471f3
APPG7555906	ERR6068116	ftp.sra.ebi.ac.uk/vol1/run/ERR606/ERR6068116/27493_4#1.cram	4599896e10da6a3c6b4dabc6dab45b87
APPG7555906	ERR6068117	ftp.sra.ebi.ac.uk/vol1/run/ERR606/ERR6068117/27493_4#2.cram	8ef55ec6820d33858ade2497c746b26f
APPG7555906	ERR6068118	ftp.sra.ebi.ac.uk/vol1/run/ERR606/ERR6068118/27493_4#3.cram	1e234bafc44a6d4fea7a7e8b1fbf9f53
APPG7555906	ERR6068119	ftp.sra.ebi.ac.uk/vol1/run/ERR606/ERR6068119/27493_4#4.cram	69058adddfd04147057ea211419442f8
APPG7555907	ERR6068120	ftp.sra.ebi.ac.uk/vol1/run/ERR606/ERR6068120/27493_5#1.cram	fa77d7648fd148b1b45c231bdd891003
APPG7555907	ERR6068121	ftp.sra.ebi.ac.uk/vol1/run/ERR606/ERR6068121/27493_5#2.cram	117394f0e861a8bc70e13e2e471b6f1d
APPG7555907	ERR6068122	ftp.sra.ebi.ac.uk/vol1/run/ERR606/ERR6068122/27493_5#3.cram	9ec26d85c88925623b49d0edf218514a
APPG7555907	ERR6068123	ftp.sra.ebi.ac.uk/vol1/run/ERR606/ERR6068123/27493_5#4.cram	7445bc76d49f651b73951845afb69280
APPG7555908	ERR6068124	ftp.sra.ebi.ac.uk/vol1/run/ERR606/ERR6068124/27493_6#1.cram	c4f87083c2ad16716890c5fe7713a207
APPG7555908	ERR6068125	ftp.sra.ebi.ac.uk/vol1/run/ERR606/ERR6068125/27493_6#2.cram	b28bc555c70d0a6a50a01c25ce33e36e
APPG7555908	ERR6068126	ftp.sra.ebi.ac.uk/vol1/run/ERR606/ERR6068126/27493_6#3.cram	3c94704961df574a28b7af106f357c87
APPG7555908	ERR6068127	ftp.sra.ebi.ac.uk/vol1/run/ERR606/ERR6068127/27493_6#4.cram	6b9087b1276027c71deef516315922c1
APPG7555909	ERR6068128	ftp.sra.ebi.ac.uk/vol1/run/ERR606/ERR6068128/27493_7#1.cram	cdf44231a0cd95f01666da07b744d0b6
APPG7555909	ERR6068129	ftp.sra.ebi.ac.uk/vol1/run/ERR606/ERR6068129/27493_7#2.cram	706bcf12f6f7e8597c47c93c3f90a1e3
APPG7555909	ERR6068130	ftp.sra.ebi.ac.uk/vol1/run/ERR606/ERR6068130/27493_7#3.cram	ae977dfe46703afd0e4fb7fad4441c6f
APPG7555909	ERR6068131	ftp.sra.ebi.ac.uk/vol1/run/ERR606/ERR6068131/27493_7#4.cram	df371255073f57378c5d7e01fd8ca19d
APPG7555910	ERR6068132	ftp.sra.ebi.ac.uk/vol1/run/ERR606/ERR6068132/27493_8#1.cram	e3e726777d4484c283731a388c66eb17
APPG7555910	ERR6068133	ftp.sra.ebi.ac.uk/vol1/run/ERR606/ERR6068133/27493_8#2.cram	1d8f838a5406966342b1821c76d5e1ca
APPG7555910	ERR6068134	ftp.sra.ebi.ac.uk/vol1/run/ERR606/ERR6068134/27493_8#3.cram	966bf0fde798407736337e08112fe215
APPG7555910	ERR6068135	ftp.sra.ebi.ac.uk/vol1/run/ERR606/ERR6068135/27493_8#4.cram	03707075e08fb80ec353a4016ff64fec
APPG7555936	ERR6068136	ftp.sra.ebi.ac.uk/vol1/run/ERR606/ERR6068136/27554_6#1.cram	f51f1b791ca01740597f8c3fb4cc3d32
APPG7555936	ERR6068137	ftp.sra.ebi.ac.uk/vol1/run/ERR606/ERR6068137/27554_6#2.cram	2b32557437dab8f6918cdd8b0b6890e2
APPG7555936	ERR6068138	ftp.sra.ebi.ac.uk/vol1/run/ERR606/ERR6068138/27554_6#3.cram	0d69b7dc94f9f76bcf2dc68ecec1937f
APPG7555936	ERR6068139	ftp.sra.ebi.ac.uk/vol1/run/ERR606/ERR6068139/27554_6#4.cram	7230914269e520f58648d1b53a7d7e6a
APPG7555937	ERR6068140	ftp.sra.ebi.ac.uk/vol1/run/ERR606/ERR6068140/27554_7#1.cram	6305a7e332b23f533aa275daa5a1da0e
APPG7555937	ERR6068141	ftp.sra.ebi.ac.uk/vol1/run/ERR606/ERR6068141/27554_7#2.cram	d0675744e3bc18a75216f5bc380305f6
APPG7555937	ERR6068142	ftp.sra.ebi.ac.uk/vol1/run/ERR606/ERR6068142/27554_7#3.cram	2f41df2d9b951a97725d499abfd72589
APPG7555937	ERR6068143	ftp.sra.ebi.ac.uk/vol1/run/ERR606/ERR6068143/27554_7#4.cram	5a9bc79a4413b641bd51498ab1c198b2
APPG7555938	ERR6068144	ftp.sra.ebi.ac.uk/vol1/run/ERR606/ERR6068144/27554_8#1.cram	dbad1de40c27b3b681249688f1c0f5bf
APPG7555938	ERR6068145	ftp.sra.ebi.ac.uk/vol1/run/ERR606/ERR6068145/27554_8#2.cram	2994e9e55aa4ea5093501f6540f83d74
APPG7555938	ERR6068146	ftp.sra.ebi.ac.uk/vol1/run/ERR606/ERR6068146/27554_8#3.cram	bf990eb9a0c8e436cc61bc333e35aa9a
APPG7555938	ERR6068147	ftp.sra.ebi.ac.uk/vol1/run/ERR606/ERR6068147/27554_8#4.cram	881267842343b308148cbc0ee81fcf0b
APPG7555959	ERR6068148	ftp.sra.ebi.ac.uk/vol1/run/ERR606/ERR6068148/27582_1#1.cram	f1b4b1ce9a962e8c613e653e0d493a70
APPG7555959	ERR6068149	ftp.sra.ebi.ac.uk/vol1/run/ERR606/ERR6068149/27582_1#2.cram	041271e451e0685b65d326ea65b31627
APPG7555959	ERR6068150	ftp.sra.ebi.ac.uk/vol1/run/ERR606/ERR6068150/27582_1#3.cram	f1114f95b676404761465fcc880c3b29
APPG7555959	ERR6068151	ftp.sra.ebi.ac.uk/vol1/run/ERR606/ERR6068151/27582_1#4.cram	c718c2c0c654101bf2111768b75b58a4
APPG7555960	ERR6068152	ftp.sra.ebi.ac.uk/vol1/run/ERR606/ERR6068152/27582_2#1.cram	6f4aad65b26a767fb05b08d522aa3f82
APPG7555960	ERR6068153	ftp.sra.ebi.ac.uk/vol1/run/ERR606/ERR6068153/27582_2#2.cram	c9ab9325a74f4878ba86897ee9ab2934
APPG7555960	ERR6068154	ftp.sra.ebi.ac.uk/vol1/run/ERR606/ERR6068154/27582_2#3.cram	610b418c207ed5edbb66f32da5c6214b
APPG7555960	ERR6068155	ftp.sra.ebi.ac.uk/vol1/run/ERR606/ERR6068155/27582_2#4.cram	76a9a0ab8316caf3bd86196e6528f391
APPG7555961	ERR6068156	ftp.sra.ebi.ac.uk/vol1/run/ERR606/ERR6068156/27582_3#1.cram	69af95e79528eeeccad149ae6082f08d
APPG7555961	ERR6068157	ftp.sra.ebi.ac.uk/vol1/run/ERR606/ERR6068157/27582_3#2.cram	473e340427901118e3d24136ed7fbb49
APPG7555961	ERR6068158	ftp.sra.ebi.ac.uk/vol1/run/ERR606/ERR6068158/27582_3#3.cram	08b5877bf1bdeb091974a9ac484f2dee
APPG7555961	ERR6068159	ftp.sra.ebi.ac.uk/vol1/run/ERR606/ERR6068159/27582_3#4.cram	d57a167d8de14192f593611163b7f7aa
APPG7623331	ERR6068160	ftp.sra.ebi.ac.uk/vol1/run/ERR606/ERR6068160/27582_4#1.cram	48cdc59e6d5e28eb06001e30cad55836
APPG7623331	ERR6068161	ftp.sra.ebi.ac.uk/vol1/run/ERR606/ERR6068161/27582_4#2.cram	d092f932632ef83743c1c680c14fb910
APPG7623331	ERR6068162	ftp.sra.ebi.ac.uk/vol1/run/ERR606/ERR6068162/27582_4#3.cram	00718ba9274b9cb5e5322ab11104553e
APPG7623331	ERR6068163	ftp.sra.ebi.ac.uk/vol1/run/ERR606/ERR6068163/27582_4#4.cram	2cf7ba27ff83ba8ea59c22018bb67f06
APPG7623332	ERR6068164	ftp.sra.ebi.ac.uk/vol1/run/ERR606/ERR6068164/27582_5#1.cram	fcb56d3fce3e6f778c02a0e8919f82d9
APPG7623332	ERR6068165	ftp.sra.ebi.ac.uk/vol1/run/ERR606/ERR6068165/27582_5#2.cram	806913428459b6c48e092584a2ef4b28
APPG7623332	ERR6068166	ftp.sra.ebi.ac.uk/vol1/run/ERR606/ERR6068166/27582_5#3.cram	815e4d4c7f7350f98d274de047c291de
APPG7623332	ERR6068167	ftp.sra.ebi.ac.uk/vol1/run/ERR606/ERR6068167/27582_5#4.cram	16cb583986a509bb5e1adc46e023055d
APPG7623333	ERR6068168	ftp.sra.ebi.ac.uk/vol1/run/ERR606/ERR6068168/27582_6#1.cram	14523c7e33d4411681ca38ca8fd53ee3
APPG7623333	ERR6068169	ftp.sra.ebi.ac.uk/vol1/run/ERR606/ERR6068169/27582_6#2.cram	cc831c264d62bfc66f191b9e70db7797
APPG7623333	ERR6068170	ftp.sra.ebi.ac.uk/vol1/run/ERR606/ERR6068170/27582_6#3.cram	9de5aa8fb1fe003e63004f203ae79071
APPG7623333	ERR6068171	ftp.sra.ebi.ac.uk/vol1/run/ERR606/ERR6068171/27582_6#4.cram	9bf894c1161238caa71d2e6867452193
APPG7623334	ERR6068172	ftp.sra.ebi.ac.uk/vol1/run/ERR606/ERR6068172/27582_7#1.cram	81eed47a28196d7c244a59debd2f7563
APPG7623334	ERR6068173	ftp.sra.ebi.ac.uk/vol1/run/ERR606/ERR6068173/27582_7#2.cram	7b30a6455fa41c2e95bc589ebe524a77
APPG7623334	ERR6068174	ftp.sra.ebi.ac.uk/vol1/run/ERR606/ERR6068174/27582_7#3.cram	e34075b1b81be8a4c2af565b6a35cbc9
APPG7623334	ERR6068175	ftp.sra.ebi.ac.uk/vol1/run/ERR606/ERR6068175/27582_7#4.cram	f3896a76520f602b6be158d700e9d03d
APPG7623335	ERR6068176	ftp.sra.ebi.ac.uk/vol1/run/ERR606/ERR6068176/27582_8#1.cram	a7b7d01363efdf06be31c4ff3a740219
APPG7623335	ERR6068177	ftp.sra.ebi.ac.uk/vol1/run/ERR606/ERR6068177/27582_8#2.cram	ca2d366bd8b12e1cf357471eb0b65766
APPG7623335	ERR6068178	ftp.sra.ebi.ac.uk/vol1/run/ERR606/ERR6068178/27582_8#3.cram	5ad18b84c50db6f45c8162036fcc449f
APPG7623335	ERR6068179	ftp.sra.ebi.ac.uk/vol1/run/ERR606/ERR6068179/27582_8#4.cram	d096272686b8baced8f4f2b983cc2897
APPG7555953	ERR6068180	ftp.sra.ebi.ac.uk/vol1/run/ERR606/ERR6068180/27631_1#1.cram	034cb82ed2f583d99e3ee064351e34bf
APPG7555953	ERR6068181	ftp.sra.ebi.ac.uk/vol1/run/ERR606/ERR6068181/27631_1#2.cram	3c97f9f3b2e0d416350ee353e006dc2f
APPG7555953	ERR6068182	ftp.sra.ebi.ac.uk/vol1/run/ERR606/ERR6068182/27631_1#3.cram	2ad831fb140be72c9c46c4421c1b30a9
APPG7555953	ERR6068183	ftp.sra.ebi.ac.uk/vol1/run/ERR606/ERR6068183/27631_1#4.cram	a838b0614f5044724ff109e077d7f404
APPG7555954	ERR6068184	ftp.sra.ebi.ac.uk/vol1/run/ERR606/ERR6068184/27631_2#1.cram	5fba78ac8f3a6be9234efb321b4a4b5c
APPG7555954	ERR6068185	ftp.sra.ebi.ac.uk/vol1/run/ERR606/ERR6068185/27631_2#2.cram	53801077c690beac645f42b60d31bf82
APPG7555954	ERR6068186	ftp.sra.ebi.ac.uk/vol1/run/ERR606/ERR6068186/27631_2#3.cram	2aa4c2f2ab70e40581bd99ad235a79c5
APPG7555954	ERR6068187	ftp.sra.ebi.ac.uk/vol1/run/ERR606/ERR6068187/27631_2#4.cram	2643e637bd1356186c559e9405bbaa45
APPG7555955	ERR6068188	ftp.sra.ebi.ac.uk/vol1/run/ERR606/ERR6068188/27631_3#1.cram	c3c57524f33959692efe1f0ddd862d0d
APPG7555955	ERR6068189	ftp.sra.ebi.ac.uk/vol1/run/ERR606/ERR6068189/27631_3#2.cram	7479545601405acbff7b1127d6d890f9
APPG7555955	ERR6068190	ftp.sra.ebi.ac.uk/vol1/run/ERR606/ERR6068190/27631_3#3.cram	cdb75e00f073dbeb2923d702f25b995d
APPG7555955	ERR6068191	ftp.sra.ebi.ac.uk/vol1/run/ERR606/ERR6068191/27631_3#4.cram	4f28b2c7b3af163b67dcbdfda3f6e2d0
APPG7555956	ERR6068192	ftp.sra.ebi.ac.uk/vol1/run/ERR606/ERR6068192/27631_4#1.cram	4311c1e91fb8adc0c9b73b003e0cfaa9
APPG7555956	ERR6068193	ftp.sra.ebi.ac.uk/vol1/run/ERR606/ERR6068193/27631_4#2.cram	e989d626c6750dd1f99e7713c89ea1b8
APPG7555956	ERR6068194	ftp.sra.ebi.ac.uk/vol1/run/ERR606/ERR6068194/27631_4#3.cram	5e55f6ca86c60aa1a82d62b2dce30352
APPG7555956	ERR6068195	ftp.sra.ebi.ac.uk/vol1/run/ERR606/ERR6068195/27631_4#4.cram	4103f2b5ba46b312154c82d36057360a
APPG7555957	ERR6068196	ftp.sra.ebi.ac.uk/vol1/run/ERR606/ERR6068196/27631_5#1.cram	b77550dc0df3aa08e5bf544779de2755
APPG7555957	ERR6068197	ftp.sra.ebi.ac.uk/vol1/run/ERR606/ERR6068197/27631_5#2.cram	83947ac99ef0691cebbac4aa0139db0c
APPG7555957	ERR6068198	ftp.sra.ebi.ac.uk/vol1/run/ERR606/ERR6068198/27631_5#3.cram	548543abdc77e92152c7decc6f89f771
APPG7555957	ERR6068199	ftp.sra.ebi.ac.uk/vol1/run/ERR606/ERR6068199/27631_5#4.cram	b09b8388a6aedd58593e030616cb1618
APPG7555958	ERR6068200	ftp.sra.ebi.ac.uk/vol1/run/ERR606/ERR6068200/27631_6#1.cram	62dfffb65d7bfea0b6295b5c241cbae3
APPG7555958	ERR6068201	ftp.sra.ebi.ac.uk/vol1/run/ERR606/ERR6068201/27631_6#2.cram	0d5ad858ea92a46e66cf155ec80deffe
APPG7555958	ERR6068202	ftp.sra.ebi.ac.uk/vol1/run/ERR606/ERR6068202/27631_6#3.cram	5a775f53466eafbee0f26fb4c0a7e4e6
APPG7555958	ERR6068203	ftp.sra.ebi.ac.uk/vol1/run/ERR606/ERR6068203/27631_6#4.cram	f6cc358bb3f295336df22d331203251b
APPG7555919	ERR6068204	ftp.sra.ebi.ac.uk/vol1/run/ERR606/ERR6068204/27632_1#1.cram	630059541bca82257c1d179c6cf01069
APPG7555919	ERR6068205	ftp.sra.ebi.ac.uk/vol1/run/ERR606/ERR6068205/27632_1#2.cram	4f52302210ab87a8565c2939a593ff7d
APPG7555919	ERR6068206	ftp.sra.ebi.ac.uk/vol1/run/ERR606/ERR6068206/27632_1#3.cram	33fb9078064102e87578f0f828ea1b21
APPG7555919	ERR6068207	ftp.sra.ebi.ac.uk/vol1/run/ERR606/ERR6068207/27632_1#4.cram	6493e69403688c9fd2a305d26edfb2f2
APPG7555920	ERR6068208	ftp.sra.ebi.ac.uk/vol1/run/ERR606/ERR6068208/27632_2#1.cram	601fb072d38ad398be426c8bbc622f26
APPG7555920	ERR6068209	ftp.sra.ebi.ac.uk/vol1/run/ERR606/ERR6068209/27632_2#2.cram	c01f344c748dc07456ef33886fc8af19
APPG7555920	ERR6068210	ftp.sra.ebi.ac.uk/vol1/run/ERR606/ERR6068210/27632_2#3.cram	9f06d0d086316daf29fdf4e7e25270cd
APPG7555920	ERR6068211	ftp.sra.ebi.ac.uk/vol1/run/ERR606/ERR6068211/27632_2#4.cram	8bb5e5bfcb1e0ed1066610cc0d564a85
APPG7555921	ERR6068212	ftp.sra.ebi.ac.uk/vol1/run/ERR606/ERR6068212/27632_3#1.cram	8aef549cdcd2113425cc494b1ae86d75
APPG7555921	ERR6068213	ftp.sra.ebi.ac.uk/vol1/run/ERR606/ERR6068213/27632_3#2.cram	804df1962cc91d1da63d0d187d3d081f
APPG7555921	ERR6068214	ftp.sra.ebi.ac.uk/vol1/run/ERR606/ERR6068214/27632_3#3.cram	24b540615ddd743bc43804dd1d9b3388
APPG7555921	ERR6068215	ftp.sra.ebi.ac.uk/vol1/run/ERR606/ERR6068215/27632_3#4.cram	1e06f72af35e4a3d2a79889e79a9152c
APPG7555922	ERR6068216	ftp.sra.ebi.ac.uk/vol1/run/ERR606/ERR6068216/27632_4#1.cram	f618bdd73f3a215a60393eeca6f1a218
APPG7555922	ERR6068217	ftp.sra.ebi.ac.uk/vol1/run/ERR606/ERR6068217/27632_4#2.cram	f025af0b70739afa9bc7f39133b65835
APPG7555922	ERR6068218	ftp.sra.ebi.ac.uk/vol1/run/ERR606/ERR6068218/27632_4#3.cram	2b7345db97dcd770d7f869a7cf8bbd4a
APPG7555922	ERR6068219	ftp.sra.ebi.ac.uk/vol1/run/ERR606/ERR6068219/27632_4#4.cram	118a557d5a33ea452796ef2e47461ccd
APPG7555923	ERR6068220	ftp.sra.ebi.ac.uk/vol1/run/ERR606/ERR6068220/27632_5#1.cram	929fd978de7cbc5ae765fc609cfcbbec
APPG7555923	ERR6068221	ftp.sra.ebi.ac.uk/vol1/run/ERR606/ERR6068221/27632_5#2.cram	f626329f347086c47798def859c268f6
APPG7555923	ERR6068222	ftp.sra.ebi.ac.uk/vol1/run/ERR606/ERR6068222/27632_5#3.cram	a0393b251f92c3667545ac389a51fd48
APPG7555923	ERR6068223	ftp.sra.ebi.ac.uk/vol1/run/ERR606/ERR6068223/27632_5#4.cram	e1d8170f96a80957c48140bd43d3632d
APPG7555924	ERR6068224	ftp.sra.ebi.ac.uk/vol1/run/ERR606/ERR6068224/27632_6#1.cram	5794f955d8882e15054fd29d3edbf7f4
APPG7555924	ERR6068225	ftp.sra.ebi.ac.uk/vol1/run/ERR606/ERR6068225/27632_6#2.cram	a8b24e24e178efba067e0085028d6adb
APPG7555924	ERR6068226	ftp.sra.ebi.ac.uk/vol1/run/ERR606/ERR6068226/27632_6#3.cram	7537a1818f23126bb676afa19b7e4c09
APPG7555924	ERR6068227	ftp.sra.ebi.ac.uk/vol1/run/ERR606/ERR6068227/27632_6#4.cram	3796ca7514ad5bff52ea49e75b1fcbef
APPG7555925	ERR6068228	ftp.sra.ebi.ac.uk/vol1/run/ERR606/ERR6068228/27632_7#1.cram	e7dfee9c3457995fc551134ad2a5fd96
APPG7555925	ERR6068229	ftp.sra.ebi.ac.uk/vol1/run/ERR606/ERR6068229/27632_7#2.cram	32239b4ad6b1d1f6c1a2c7f7ae53e974
APPG7555925	ERR6068230	ftp.sra.ebi.ac.uk/vol1/run/ERR606/ERR6068230/27632_7#3.cram	3a78d235247ede096eda5632b9b9fdd6
APPG7555925	ERR6068231	ftp.sra.ebi.ac.uk/vol1/run/ERR606/ERR6068231/27632_7#4.cram	d4a3f14b2502c8c22eb55d5766cb2c8d
APPG7555926	ERR6068232	ftp.sra.ebi.ac.uk/vol1/run/ERR606/ERR6068232/27632_8#1.cram	1d93972465dbb82ddef529ce1e20679a
APPG7555926	ERR6068233	ftp.sra.ebi.ac.uk/vol1/run/ERR606/ERR6068233/27632_8#2.cram	2174d9ab121c87cd75d770327b3d6644
APPG7555926	ERR6068234	ftp.sra.ebi.ac.uk/vol1/run/ERR606/ERR6068234/27632_8#3.cram	0e366d9519f9e87a902f6f1ff746c29e
APPG7555926	ERR6068235	ftp.sra.ebi.ac.uk/vol1/run/ERR606/ERR6068235/27632_8#4.cram	39516674e648652edb6b55af410dbc8a
APPG7555951	ERR6068236	ftp.sra.ebi.ac.uk/vol1/run/ERR606/ERR6068236/27633_1#1.cram	cc2ce3bb0b38aae995c94fb2ac4ac8bf
APPG7555951	ERR6068237	ftp.sra.ebi.ac.uk/vol1/run/ERR606/ERR6068237/27633_1#2.cram	1243a13ea314da696f7374593a730398
APPG7555951	ERR6068238	ftp.sra.ebi.ac.uk/vol1/run/ERR606/ERR6068238/27633_1#3.cram	2cfdfd9b395adfc172a707bddc131ee7
APPG7555951	ERR6068239	ftp.sra.ebi.ac.uk/vol1/run/ERR606/ERR6068239/27633_1#4.cram	9fd5e3a65ea6762df600ccee37bb5d39
APPG7555952	ERR6068240	ftp.sra.ebi.ac.uk/vol1/run/ERR606/ERR6068240/27633_2#1.cram	fbb11ff587755661c615ae116f92f2f3
APPG7555952	ERR6068241	ftp.sra.ebi.ac.uk/vol1/run/ERR606/ERR6068241/27633_2#2.cram	6db8d73b4934acc94a3e9b938c93a114
APPG7555952	ERR6068242	ftp.sra.ebi.ac.uk/vol1/run/ERR606/ERR6068242/27633_2#3.cram	532a3d7febaf0bda20752ec7afd1fae6
APPG7555952	ERR6068243	ftp.sra.ebi.ac.uk/vol1/run/ERR606/ERR6068243/27633_2#4.cram	d8e1d2185e5e8ea8f52ba01482d34439
APPG7623344	ERR6068244	ftp.sra.ebi.ac.uk/vol1/run/ERR606/ERR6068244/27725_8#1.cram	b58548c947d7a2b087ff9abaff13ff64
APPG7623344	ERR6068245	ftp.sra.ebi.ac.uk/vol1/run/ERR606/ERR6068245/27725_8#2.cram	12f0c5171f3392229d3c9f25a7e6c0ec
APPG7623344	ERR6068246	ftp.sra.ebi.ac.uk/vol1/run/ERR606/ERR6068246/27725_8#3.cram	f44eaca963bc8fff489e64646b935979
APPG7623344	ERR6068247	ftp.sra.ebi.ac.uk/vol1/run/ERR606/ERR6068247/27725_8#4.cram	1c6d085b802980db3e7a311000615ba9
APPG7623345	ERR6068248	ftp.sra.ebi.ac.uk/vol1/run/ERR606/ERR6068248/27726_1#1.cram	af134329c09bd7945ab6e48bda399cc8
APPG7623345	ERR6068249	ftp.sra.ebi.ac.uk/vol1/run/ERR606/ERR6068249/27726_1#2.cram	2c55055c01ae5832d5970eac97baf127
APPG7623345	ERR6068250	ftp.sra.ebi.ac.uk/vol1/run/ERR606/ERR6068250/27726_1#3.cram	35b773b5b6249c5ec50a1e03c1d58b92
APPG7623345	ERR6068251	ftp.sra.ebi.ac.uk/vol1/run/ERR606/ERR6068251/27726_1#4.cram	e4e24ad2d164e8d676b30890a044da90
APPG7623346	ERR6068252	ftp.sra.ebi.ac.uk/vol1/run/ERR606/ERR6068252/27726_2#1.cram	65876e1526bd06d9d3303c5476c8ee48
APPG7623346	ERR6068253	ftp.sra.ebi.ac.uk/vol1/run/ERR606/ERR6068253/27726_2#2.cram	82e55eb548e3e143b67a499a3474fd3c
APPG7623346	ERR6068254	ftp.sra.ebi.ac.uk/vol1/run/ERR606/ERR6068254/27726_2#3.cram	07304ad05a8670b862f04711373e9564
APPG7623346	ERR6068255	ftp.sra.ebi.ac.uk/vol1/run/ERR606/ERR6068255/27726_2#4.cram	c6432a164ff1c90211b6e15fb67270f8
APPG7623347	ERR6068256	ftp.sra.ebi.ac.uk/vol1/run/ERR606/ERR6068256/27726_3#1.cram	9aa1690adac90f1fe7cbbf14631f7510
APPG7623347	ERR6068257	ftp.sra.ebi.ac.uk/vol1/run/ERR606/ERR6068257/27726_3#2.cram	047a32f2cfe3b89e959559bbfb669500
APPG7623347	ERR6068258	ftp.sra.ebi.ac.uk/vol1/run/ERR606/ERR6068258/27726_3#3.cram	6b4d3b091893f12fef1df4afe018f7e6
APPG7623347	ERR6068259	ftp.sra.ebi.ac.uk/vol1/run/ERR606/ERR6068259/27726_3#4.cram	2c9a23d6b747b9af1501379c9e229f9d
APPG7623348	ERR6068260	ftp.sra.ebi.ac.uk/vol1/run/ERR606/ERR6068260/27726_4#1.cram	120669e2d9726926dfe8f33e289e076b
APPG7623348	ERR6068261	ftp.sra.ebi.ac.uk/vol1/run/ERR606/ERR6068261/27726_4#2.cram	24bcdafdb6f4328623aeeb238b8bd279
APPG7623348	ERR6068262	ftp.sra.ebi.ac.uk/vol1/run/ERR606/ERR6068262/27726_4#3.cram	9f0197f14b1e7c138501b229e734783a
APPG7623348	ERR6068263	ftp.sra.ebi.ac.uk/vol1/run/ERR606/ERR6068263/27726_4#4.cram	480cce982ee60a5fda8535c7aebca7cc
APPG7623349	ERR6068264	ftp.sra.ebi.ac.uk/vol1/run/ERR606/ERR6068264/27726_5#1.cram	a0a60f331a1e73f0dd5d60a5c2642b22
APPG7623349	ERR6068265	ftp.sra.ebi.ac.uk/vol1/run/ERR606/ERR6068265/27726_5#2.cram	214b8e86af564c557ad52a16a00b4df1
APPG7623349	ERR6068266	ftp.sra.ebi.ac.uk/vol1/run/ERR606/ERR6068266/27726_5#3.cram	62835cc2f320b0a1bb3ac1995d25a08e
APPG7623349	ERR6068267	ftp.sra.ebi.ac.uk/vol1/run/ERR606/ERR6068267/27726_5#4.cram	045ace06feb18e050b33d14e3c845f44
APPG7623350	ERR6068268	ftp.sra.ebi.ac.uk/vol1/run/ERR606/ERR6068268/27726_6#1.cram	2a5e3fa1df689e0f3dd540d8ebcdcb8b
APPG7623350	ERR6068269	ftp.sra.ebi.ac.uk/vol1/run/ERR606/ERR6068269/27726_6#2.cram	b16efb8931b4227a6aa605fae9e66c56
APPG7623350	ERR6068270	ftp.sra.ebi.ac.uk/vol1/run/ERR606/ERR6068270/27726_6#3.cram	1b156d41009b5620edbce586d9e963a5
APPG7623350	ERR6068271	ftp.sra.ebi.ac.uk/vol1/run/ERR606/ERR6068271/27726_6#4.cram	80f6e1ce5bf01db5d74f9af2d6d8df69
APPG7623351	ERR6068272	ftp.sra.ebi.ac.uk/vol1/run/ERR606/ERR6068272/27726_7#1.cram	135dd44d5c5720047fa9e42edfbdc703
APPG7623351	ERR6068273	ftp.sra.ebi.ac.uk/vol1/run/ERR606/ERR6068273/27726_7#2.cram	e49f3393d5b02d5e0ac74dcc704878c5
APPG7623351	ERR6068274	ftp.sra.ebi.ac.uk/vol1/run/ERR606/ERR6068274/27726_7#3.cram	a258df30d22cd0ba641454f89060c165
APPG7623351	ERR6068275	ftp.sra.ebi.ac.uk/vol1/run/ERR606/ERR6068275/27726_7#4.cram	8393b4b88747b9dbe95a869bbcdec4b1
APPG7623336	ERR6068276	ftp.sra.ebi.ac.uk/vol1/run/ERR606/ERR6068276/27726_8#1.cram	b82ff9a6fce47ed3bc94a6ca61c5f86b
APPG7623336	ERR6068277	ftp.sra.ebi.ac.uk/vol1/run/ERR606/ERR6068277/27726_8#2.cram	b0e385a677da75c24273c6c7486f00ba
APPG7623336	ERR6068278	ftp.sra.ebi.ac.uk/vol1/run/ERR606/ERR6068278/27726_8#3.cram	5cce48d2c103587d3c8e0099db842ffb
APPG7623336	ERR6068279	ftp.sra.ebi.ac.uk/vol1/run/ERR606/ERR6068279/27726_8#4.cram	3b88c6834d62f9153bdfe5901ea0b6ef
APPG7623337	ERR6068280	ftp.sra.ebi.ac.uk/vol1/run/ERR606/ERR6068280/27751_1#1.cram	f7afaeabd8d9eec124492051c39685a5
APPG7623337	ERR6068281	ftp.sra.ebi.ac.uk/vol1/run/ERR606/ERR6068281/27751_1#2.cram	26dd6eef0f1a937ea491cfc516504bdc
APPG7623337	ERR6068282	ftp.sra.ebi.ac.uk/vol1/run/ERR606/ERR6068282/27751_1#3.cram	553ac0f3e7ff137ef0a5138d133156a5
APPG7623337	ERR6068283	ftp.sra.ebi.ac.uk/vol1/run/ERR606/ERR6068283/27751_1#4.cram	a9abce9eac02c5036f9765ef7c0c9fb4
APPG7623338	ERR6068284	ftp.sra.ebi.ac.uk/vol1/run/ERR606/ERR6068284/27751_2#1.cram	383a1e47d272d0d60872764fe80f40b1
APPG7623338	ERR6068285	ftp.sra.ebi.ac.uk/vol1/run/ERR606/ERR6068285/27751_2#2.cram	4a5b9c3841c21f9c23ffc80041f88b7c
APPG7623338	ERR6068286	ftp.sra.ebi.ac.uk/vol1/run/ERR606/ERR6068286/27751_2#3.cram	8f41773bd8e737ca14e940a64aaa3671
APPG7623338	ERR6068287	ftp.sra.ebi.ac.uk/vol1/run/ERR606/ERR6068287/27751_2#4.cram	56715e8029f4c922c03f0b0746a90da1
APPG7623339	ERR6068288	ftp.sra.ebi.ac.uk/vol1/run/ERR606/ERR6068288/27751_3#1.cram	290c65a20ee25ffa7a536f43fe7bbe16
APPG7623339	ERR6068289	ftp.sra.ebi.ac.uk/vol1/run/ERR606/ERR6068289/27751_3#2.cram	cd99af3096944daad1c426c66f50e81a
APPG7623339	ERR6068290	ftp.sra.ebi.ac.uk/vol1/run/ERR606/ERR6068290/27751_3#3.cram	9c3fbae72856b47730a261c81ecd30c2
APPG7623339	ERR6068291	ftp.sra.ebi.ac.uk/vol1/run/ERR606/ERR6068291/27751_3#4.cram	04262caa5a93459bea33ac782726cc62
APPG7623340	ERR6068292	ftp.sra.ebi.ac.uk/vol1/run/ERR606/ERR6068292/27751_4#1.cram	06720bf883a3af151bfad7dfd7fc4396
APPG7623340	ERR6068293	ftp.sra.ebi.ac.uk/vol1/run/ERR606/ERR6068293/27751_4#2.cram	0366784d8d3ea8a3f81924b10b946904
APPG7623340	ERR6068294	ftp.sra.ebi.ac.uk/vol1/run/ERR606/ERR6068294/27751_4#3.cram	3f1e5ddba616f3e9d94c631333655341
APPG7623340	ERR6068295	ftp.sra.ebi.ac.uk/vol1/run/ERR606/ERR6068295/27751_4#4.cram	f1d62b692b6bcc871174f3ab57270941
APPG7623341	ERR6068296	ftp.sra.ebi.ac.uk/vol1/run/ERR606/ERR6068296/27751_5#1.cram	b0a54a079fd49105f96e13506e6cee7f
APPG7623341	ERR6068297	ftp.sra.ebi.ac.uk/vol1/run/ERR606/ERR6068297/27751_5#2.cram	1e2095f36caec11a6c86d3da7030dfa8
APPG7623341	ERR6068298	ftp.sra.ebi.ac.uk/vol1/run/ERR606/ERR6068298/27751_5#3.cram	29688cb90f452f8b376f1a37ef988c0a
APPG7623341	ERR6068299	ftp.sra.ebi.ac.uk/vol1/run/ERR606/ERR6068299/27751_5#4.cram	e130996348b2c4f28d8ffbd451811be4
APPG7623342	ERR6068300	ftp.sra.ebi.ac.uk/vol1/run/ERR606/ERR6068300/27751_6#1.cram	af57148249463cd5b535a6525cd430eb
APPG7623342	ERR6068301	ftp.sra.ebi.ac.uk/vol1/run/ERR606/ERR6068301/27751_6#2.cram	0bb98253bfd59a60701174f8d632ce02
APPG7623342	ERR6068302	ftp.sra.ebi.ac.uk/vol1/run/ERR606/ERR6068302/27751_6#3.cram	3a06b0471d4a9f1c476e54852d39f50e
APPG7623342	ERR6068303	ftp.sra.ebi.ac.uk/vol1/run/ERR606/ERR6068303/27751_6#4.cram	be96938d13ddfcae18ddf71749d8a264
APPG7623343	ERR6068304	ftp.sra.ebi.ac.uk/vol1/run/ERR606/ERR6068304/27751_7#1.cram	cadf62b88240bcb763075966942add44
APPG7623343	ERR6068305	ftp.sra.ebi.ac.uk/vol1/run/ERR606/ERR6068305/27751_7#2.cram	b3936b3618468107c678941801bc74d2
APPG7623343	ERR6068306	ftp.sra.ebi.ac.uk/vol1/run/ERR606/ERR6068306/27751_7#3.cram	cbc14d20ab8d578650d43fdd1d80b71d
APPG7623343	ERR6068307	ftp.sra.ebi.ac.uk/vol1/run/ERR606/ERR6068307/27751_7#4.cram	af7bc9119b07a11617a40ca58de6fe39
APPG7555897	ERR6068308	ftp.sra.ebi.ac.uk/vol1/run/ERR606/ERR6068308/28420_7#1.cram	424bc321ba0d39ae667f8aade65011b3
APPG7555897	ERR6068309	ftp.sra.ebi.ac.uk/vol1/run/ERR606/ERR6068309/28420_7#2.cram	d9f392fa09ef86620bc2cab0970ceaf4
APPG7555897	ERR6068310	ftp.sra.ebi.ac.uk/vol1/run/ERR606/ERR6068310/28420_7#3.cram	1d5a19c002a2500c0b0e9dc9a6fd8168
APPG7555897	ERR6068311	ftp.sra.ebi.ac.uk/vol1/run/ERR606/ERR6068311/28420_7#4.cram	4e9c8e1e5d1e8f4a6f9abed95c9a8bb5
APPG7555886	ERR6068312	ftp.sra.ebi.ac.uk/vol1/run/ERR606/ERR6068312/28581_1#1.cram	9075c09c327ee6f38c8d9bc1156f8ad7
APPG7555886	ERR6068313	ftp.sra.ebi.ac.uk/vol1/run/ERR606/ERR6068313/28581_1#2.cram	11fc26a2ffed74f85f41708ac914d1c2
APPG7555886	ERR6068314	ftp.sra.ebi.ac.uk/vol1/run/ERR606/ERR6068314/28581_1#3.cram	9fe3fef6a392b3c22807e06bfcc1be4a
APPG7555886	ERR6068315	ftp.sra.ebi.ac.uk/vol1/run/ERR606/ERR6068315/28581_1#4.cram	0e864dbb038bcc29cda2eaa710f0c490
APPG7555931	ERR6068316	ftp.sra.ebi.ac.uk/vol1/run/ERR606/ERR6068316/28581_2#1.cram	fdc7574ad26269a0669ceaad8a38cfe8
APPG7555931	ERR6068317	ftp.sra.ebi.ac.uk/vol1/run/ERR606/ERR6068317/28581_2#2.cram	5f3e6999ce02a8ca4c3b10e935d50409
APPG7555931	ERR6068318	ftp.sra.ebi.ac.uk/vol1/run/ERR606/ERR6068318/28581_2#3.cram	6f0aeff1ed5fead4135b9e5e2f1fc26b
APPG7555931	ERR6068319	ftp.sra.ebi.ac.uk/vol1/run/ERR606/ERR6068319/28581_2#4.cram	8e721161262f757be63b19fd22820d23
APPG7623344	ERR6068320	ftp.sra.ebi.ac.uk/vol1/run/ERR606/ERR6068320/28581_3#1.cram	9bb4d2c452ed5817dd62bbd67c27a85f
APPG7623344	ERR6068321	ftp.sra.ebi.ac.uk/vol1/run/ERR606/ERR6068321/28581_3#2.cram	92b3d11e20d715811bd2db9d2a4994e7
APPG7623344	ERR6068322	ftp.sra.ebi.ac.uk/vol1/run/ERR606/ERR6068322/28581_3#3.cram	3921c3c6cbfb43798667f4b5a8c85078
APPG7623344	ERR6068323	ftp.sra.ebi.ac.uk/vol1/run/ERR606/ERR6068323/28581_3#4.cram	cb95f233c7a3921b3667ba860fc73ccb
APPG7623346	ERR6068324	ftp.sra.ebi.ac.uk/vol1/run/ERR606/ERR6068324/28581_4#1.cram	0abe9e64cab78423bb2662f9a49f4619
APPG7623346	ERR6068325	ftp.sra.ebi.ac.uk/vol1/run/ERR606/ERR6068325/28581_4#2.cram	025419b21147bcc86dab55933f86fd64
APPG7623346	ERR6068326	ftp.sra.ebi.ac.uk/vol1/run/ERR606/ERR6068326/28581_4#3.cram	58fdc8ba0aee97dca5f5efb098a4db60
APPG7623346	ERR6068327	ftp.sra.ebi.ac.uk/vol1/run/ERR606/ERR6068327/28581_4#4.cram	b16a659f76a7c385018afb7df326208a
APPG7623349	ERR6068328	ftp.sra.ebi.ac.uk/vol1/run/ERR606/ERR6068328/28581_5#1.cram	b6a49157140eabf84758d5665e98406e
APPG7623349	ERR6068329	ftp.sra.ebi.ac.uk/vol1/run/ERR606/ERR6068329/28581_5#2.cram	0a3aa8150f165fa11595b0ee365651ec
APPG7623349	ERR6068330	ftp.sra.ebi.ac.uk/vol1/run/ERR606/ERR6068330/28581_5#3.cram	7fe670f9a364bdaee776f1de57611049
APPG7623349	ERR6068331	ftp.sra.ebi.ac.uk/vol1/run/ERR606/ERR6068331/28581_5#4.cram	2141e2dd3687876fae80af1d71ac6cfe
APPG7623336	ERR6068332	ftp.sra.ebi.ac.uk/vol1/run/ERR606/ERR6068332/28581_6#1.cram	709f3a6df20bea7674d3a93934ed8f16
APPG7623336	ERR6068333	ftp.sra.ebi.ac.uk/vol1/run/ERR606/ERR6068333/28581_6#2.cram	c23b55ff6b1fedcef9498441b83d84f5
APPG7623336	ERR6068334	ftp.sra.ebi.ac.uk/vol1/run/ERR606/ERR6068334/28581_6#3.cram	c92abb49d5d61fb5b1876b44183fc555
APPG7623336	ERR6068335	ftp.sra.ebi.ac.uk/vol1/run/ERR606/ERR6068335/28581_6#4.cram	6039df3e794053f824f02320c7bd8a91
APPG7623337	ERR6068336	ftp.sra.ebi.ac.uk/vol1/run/ERR606/ERR6068336/28581_7#1.cram	ad84775cb417f02fcfe9584b7df27dc7
APPG7623337	ERR6068337	ftp.sra.ebi.ac.uk/vol1/run/ERR606/ERR6068337/28581_7#2.cram	70472963bf3e6c27fe4d70dce45cbcdb
APPG7623337	ERR6068338	ftp.sra.ebi.ac.uk/vol1/run/ERR606/ERR6068338/28581_7#3.cram	f8b7b067dadbf539b6a3fc4b89349f31
APPG7623337	ERR6068339	ftp.sra.ebi.ac.uk/vol1/run/ERR606/ERR6068339/28581_7#4.cram	2563a5a9ac13510976247b73f413290c
APPG7555903	ERR6068340	ftp.sra.ebi.ac.uk/vol1/run/ERR606/ERR6068340/28630_1#1.cram	db803d33b876a73c00fca61954ec04d5
APPG7555903	ERR6068341	ftp.sra.ebi.ac.uk/vol1/run/ERR606/ERR6068341/28630_1#2.cram	be97b42dd50c3ef1d7324122af5eee73
APPG7555903	ERR6068342	ftp.sra.ebi.ac.uk/vol1/run/ERR606/ERR6068342/28630_1#3.cram	f277bb9ae60b3c1cfee13fedaaeff848
APPG7555903	ERR6068343	ftp.sra.ebi.ac.uk/vol1/run/ERR606/ERR6068343/28630_1#4.cram	c810a70d2862824475fe6d278df8ab35
APPG7555904	ERR6068344	ftp.sra.ebi.ac.uk/vol1/run/ERR606/ERR6068344/28630_2#1.cram	a0cb587e37cff48ddc70d04d9d8c6301
APPG7555904	ERR6068345	ftp.sra.ebi.ac.uk/vol1/run/ERR606/ERR6068345/28630_2#2.cram	a324e1cebbd0cd07f94fcbeab243ecff
APPG7555904	ERR6068346	ftp.sra.ebi.ac.uk/vol1/run/ERR606/ERR6068346/28630_2#3.cram	5cc1f58b8c7cd1018e76b6cf6d72c43a
APPG7555904	ERR6068347	ftp.sra.ebi.ac.uk/vol1/run/ERR606/ERR6068347/28630_2#4.cram	52bb1e67b11687b881926c5f4760c11c
APPG7555905	ERR6068348	ftp.sra.ebi.ac.uk/vol1/run/ERR606/ERR6068348/28630_3#1.cram	efcb1d5f56e8c28468d5e15647c66b5f
APPG7555905	ERR6068349	ftp.sra.ebi.ac.uk/vol1/run/ERR606/ERR6068349/28630_3#2.cram	7371d8e104b2e594ce774a211a69a57f
APPG7555905	ERR6068350	ftp.sra.ebi.ac.uk/vol1/run/ERR606/ERR6068350/28630_3#3.cram	76263f16ecb1363c94f277d0f3f8c28a
APPG7555905	ERR6068351	ftp.sra.ebi.ac.uk/vol1/run/ERR606/ERR6068351/28630_3#4.cram	7237a978b36d7d78ecbff7a3fca6aedd
APPG7555906	ERR6068352	ftp.sra.ebi.ac.uk/vol1/run/ERR606/ERR6068352/28630_4#1.cram	30fe52bae2ec15ff8f2adf643bf6cd2e
APPG7555906	ERR6068353	ftp.sra.ebi.ac.uk/vol1/run/ERR606/ERR6068353/28630_4#2.cram	92fc1aab20ff00dd932fcfaff4e409ed
APPG7555906	ERR6068354	ftp.sra.ebi.ac.uk/vol1/run/ERR606/ERR6068354/28630_4#3.cram	5a2c32d6143e533c218d3e0a4efd048a
APPG7555906	ERR6068355	ftp.sra.ebi.ac.uk/vol1/run/ERR606/ERR6068355/28630_4#4.cram	0577c8ebbcd14c7ff3d3c9e1962d0bf6
APPG7555907	ERR6068356	ftp.sra.ebi.ac.uk/vol1/run/ERR606/ERR6068356/28630_5#1.cram	45fca318cf03e1266f97747ccbe52d67
APPG7555907	ERR6068357	ftp.sra.ebi.ac.uk/vol1/run/ERR606/ERR6068357/28630_5#2.cram	da31f6a3e3e370533fc3ef9fe5107a85
APPG7555907	ERR6068358	ftp.sra.ebi.ac.uk/vol1/run/ERR606/ERR6068358/28630_5#3.cram	7b6a8fc6995179ff5dc273077099e1e2
APPG7555907	ERR6068359	ftp.sra.ebi.ac.uk/vol1/run/ERR606/ERR6068359/28630_5#4.cram	c39d36e11e784072c062c5f2075dd479
APPG7555938	ERR6068360	ftp.sra.ebi.ac.uk/vol1/run/ERR606/ERR6068360/28630_6#1.cram	73d3b94c18928c44a20006262830ae3f
APPG7555938	ERR6068361	ftp.sra.ebi.ac.uk/vol1/run/ERR606/ERR6068361/28630_6#2.cram	5ab969fd8ed96f312411d22643ba688d
APPG7555938	ERR6068362	ftp.sra.ebi.ac.uk/vol1/run/ERR606/ERR6068362/28630_6#3.cram	9d90fc4c4010aa8ea9a3faeabd8a456c
APPG7555938	ERR6068363	ftp.sra.ebi.ac.uk/vol1/run/ERR606/ERR6068363/28630_6#4.cram	dc36e39165c666df0739821068401075
APPG7836403	ERR6068364	ftp.sra.ebi.ac.uk/vol1/run/ERR606/ERR6068364/28927_1#1.cram	ab4f4097fe4537e2db14520b32e9f93b
APPG7836403	ERR6068365	ftp.sra.ebi.ac.uk/vol1/run/ERR606/ERR6068365/28927_1#2.cram	335e374476d769b14361ed8c68a8a67f
APPG7836403	ERR6068366	ftp.sra.ebi.ac.uk/vol1/run/ERR606/ERR6068366/28927_1#3.cram	587ab35db96fbf984db4f83192db410e
APPG7836403	ERR6068367	ftp.sra.ebi.ac.uk/vol1/run/ERR606/ERR6068367/28927_1#4.cram	16c5323d349c72f8c8fb0fff3f3fbfe4
APPG7555899	ERR6068368	ftp.sra.ebi.ac.uk/vol1/run/ERR606/ERR6068368/28927_2#1.cram	b7212ed9e042b8569c826377cb5e922a
APPG7555899	ERR6068369	ftp.sra.ebi.ac.uk/vol1/run/ERR606/ERR6068369/28927_2#2.cram	b4e0d099443789d9c842de9078e7a45c
APPG7555899	ERR6068370	ftp.sra.ebi.ac.uk/vol1/run/ERR606/ERR6068370/28927_2#3.cram	f472cf8913048fd75b934d082391f918
APPG7555899	ERR6068371	ftp.sra.ebi.ac.uk/vol1/run/ERR606/ERR6068371/28927_2#4.cram	04a497a0ef2c4e663f73fabbae0dfc89
APPG7555900	ERR6068372	ftp.sra.ebi.ac.uk/vol1/run/ERR606/ERR6068372/28927_3#1.cram	4c87dd674c4d8569f0e556e6501dec0d
APPG7555900	ERR6068373	ftp.sra.ebi.ac.uk/vol1/run/ERR606/ERR6068373/28927_3#2.cram	8d715704f2707c2b7ebca4ca64c6c9c7
APPG7555900	ERR6068374	ftp.sra.ebi.ac.uk/vol1/run/ERR606/ERR6068374/28927_3#3.cram	fbadbb601a2c9f31ddcef93bc8e4ef6f
APPG7555900	ERR6068375	ftp.sra.ebi.ac.uk/vol1/run/ERR606/ERR6068375/28927_3#4.cram	145d0dc51524cec5769cd2f9e3d20ce5
APPG7555901	ERR6068376	ftp.sra.ebi.ac.uk/vol1/run/ERR606/ERR6068376/28927_4#1.cram	87d413368845ee5240f62b0c71e0a3cc
APPG7555901	ERR6068377	ftp.sra.ebi.ac.uk/vol1/run/ERR606/ERR6068377/28927_4#2.cram	9451cf07c80fca61249d7b112393ad97
APPG7555901	ERR6068378	ftp.sra.ebi.ac.uk/vol1/run/ERR606/ERR6068378/28927_4#3.cram	6c39baf14c71f096b9ff4f98c06152d4
APPG7555901	ERR6068379	ftp.sra.ebi.ac.uk/vol1/run/ERR606/ERR6068379/28927_4#4.cram	0201b627be2dbee8219657f7ff9abf03
APPG7555902	ERR6068380	ftp.sra.ebi.ac.uk/vol1/run/ERR606/ERR6068380/28927_5#1.cram	46fad5439513e0655fa23a2321eb2a8c
APPG7555902	ERR6068381	ftp.sra.ebi.ac.uk/vol1/run/ERR606/ERR6068381/28927_5#2.cram	2fe165997eca3332ef0759fc9e06b528
APPG7555902	ERR6068382	ftp.sra.ebi.ac.uk/vol1/run/ERR606/ERR6068382/28927_5#3.cram	c8f8b32952299c236394a6f6bed68070
APPG7555902	ERR6068383	ftp.sra.ebi.ac.uk/vol1/run/ERR606/ERR6068383/28927_5#4.cram	1c6847ffc618b6f4b53f08fbcc61e58d
APPG7836393	ERR6068384	ftp.sra.ebi.ac.uk/vol1/run/ERR606/ERR6068384/28927_6#1.cram	816269f328cd9ced6e8572bba4f8d702
APPG7836393	ERR6068385	ftp.sra.ebi.ac.uk/vol1/run/ERR606/ERR6068385/28927_6#2.cram	edadf911381bc4bc1dc2572a28d295f9
APPG7836393	ERR6068386	ftp.sra.ebi.ac.uk/vol1/run/ERR606/ERR6068386/28927_6#3.cram	99a843cef2b26848bf85d3794f23b769
APPG7836393	ERR6068387	ftp.sra.ebi.ac.uk/vol1/run/ERR606/ERR6068387/28927_6#4.cram	af2f95c5d33cd480335b4903a78b6912
APPG7836394	ERR6068388	ftp.sra.ebi.ac.uk/vol1/run/ERR606/ERR6068388/28927_7#1.cram	a4dd66f61cc252243ecbf56eb958f6dd
APPG7836394	ERR6068389	ftp.sra.ebi.ac.uk/vol1/run/ERR606/ERR6068389/28927_7#2.cram	a4d6550880ef7f439a9ebe6ed7ef047d
APPG7836394	ERR6068390	ftp.sra.ebi.ac.uk/vol1/run/ERR606/ERR6068390/28927_7#3.cram	e261130f90b7101fcaeee7072e0bba1b
APPG7836394	ERR6068391	ftp.sra.ebi.ac.uk/vol1/run/ERR606/ERR6068391/28927_7#4.cram	1d50fff10b94200b31cdb834842c7cf2
APPG7836395	ERR6068392	ftp.sra.ebi.ac.uk/vol1/run/ERR606/ERR6068392/28927_8#1.cram	5992073bdb51f7832f1abdb38af532f5
APPG7836395	ERR6068393	ftp.sra.ebi.ac.uk/vol1/run/ERR606/ERR6068393/28927_8#2.cram	c667cc4b6d215cbf9d81f2108c44da7c
APPG7836395	ERR6068394	ftp.sra.ebi.ac.uk/vol1/run/ERR606/ERR6068394/28927_8#3.cram	53b3a1850964f498db18cfadc70948a2
APPG7836395	ERR6068395	ftp.sra.ebi.ac.uk/vol1/run/ERR606/ERR6068395/28927_8#4.cram	fde49a38d982267711bdfd0fdd429512
APPG7555898	ERR6068396	ftp.sra.ebi.ac.uk/vol1/run/ERR606/ERR6068396/28932_8#1.cram	bcc0a512994eb17af0c26806e9927533
APPG7555898	ERR6068397	ftp.sra.ebi.ac.uk/vol1/run/ERR606/ERR6068397/28932_8#2.cram	6f589fd337309af04c08c7f7e40ab878
APPG7555898	ERR6068398	ftp.sra.ebi.ac.uk/vol1/run/ERR606/ERR6068398/28932_8#3.cram	2459ce1bee2c918561c8b61c1b1c1bbc
APPG7555898	ERR6068399	ftp.sra.ebi.ac.uk/vol1/run/ERR606/ERR6068399/28932_8#4.cram	044d20f6a62845d656b808cb7439ad6d
APPG7836397	ERR6068400	ftp.sra.ebi.ac.uk/vol1/run/ERR606/ERR6068400/28990_3#1.cram	832d36c8b5355fe322374fbac479482a
APPG7836397	ERR6068401	ftp.sra.ebi.ac.uk/vol1/run/ERR606/ERR6068401/28990_3#2.cram	b8fc474b8c16147cfd8ac57d3bd90b7b
APPG7836397	ERR6068402	ftp.sra.ebi.ac.uk/vol1/run/ERR606/ERR6068402/28990_3#3.cram	104ffed1f088287921d17ff49a6272a6
APPG7836397	ERR6068403	ftp.sra.ebi.ac.uk/vol1/run/ERR606/ERR6068403/28990_3#4.cram	dc5c9cdd2ab6e09d87f445a63efe2af4
APPG7836398	ERR6068404	ftp.sra.ebi.ac.uk/vol1/run/ERR606/ERR6068404/28990_4#1.cram	24dad99143dc8011fc93b7ac11633471
APPG7836398	ERR6068405	ftp.sra.ebi.ac.uk/vol1/run/ERR606/ERR6068405/28990_4#2.cram	029886910264cdea619fead23d536d69
APPG7836398	ERR6068406	ftp.sra.ebi.ac.uk/vol1/run/ERR606/ERR6068406/28990_4#3.cram	c0fc1db4cc51574298f0cf6e56cb5dde
APPG7836398	ERR6068407	ftp.sra.ebi.ac.uk/vol1/run/ERR606/ERR6068407/28990_4#4.cram	8bdd6397046d6908e491b974b1042719
APPG7836399	ERR6068408	ftp.sra.ebi.ac.uk/vol1/run/ERR606/ERR6068408/28990_5#1.cram	4177743665db53cc60d2fdae567ead5f
APPG7836399	ERR6068409	ftp.sra.ebi.ac.uk/vol1/run/ERR606/ERR6068409/28990_5#2.cram	613f92d7c29a3c920bc3447cd928774d
APPG7836399	ERR6068410	ftp.sra.ebi.ac.uk/vol1/run/ERR606/ERR6068410/28990_5#3.cram	060d765ac9536214f50dbe4aff25ef39
APPG7836399	ERR6068411	ftp.sra.ebi.ac.uk/vol1/run/ERR606/ERR6068411/28990_5#4.cram	ceb40e85db6ed478e73ed8a13cb86a93
APPG7836401	ERR6068412	ftp.sra.ebi.ac.uk/vol1/run/ERR606/ERR6068412/28990_7#1.cram	4c1114a0647de312833007cb6fa18041
APPG7836401	ERR6068413	ftp.sra.ebi.ac.uk/vol1/run/ERR606/ERR6068413/28990_7#2.cram	662053046555dddbb16aab96b12c643b
APPG7836401	ERR6068414	ftp.sra.ebi.ac.uk/vol1/run/ERR606/ERR6068414/28990_7#3.cram	f325ece42f2ae664c27ed7822f919585
APPG7836401	ERR6068415	ftp.sra.ebi.ac.uk/vol1/run/ERR606/ERR6068415/28990_7#4.cram	cf442e246f7e38c7680f6797b9868a7d
APPG7836402	ERR6068416	ftp.sra.ebi.ac.uk/vol1/run/ERR606/ERR6068416/28990_8#1.cram	f99052824a85d6a94980a77f4dbb84cf
APPG7836402	ERR6068417	ftp.sra.ebi.ac.uk/vol1/run/ERR606/ERR6068417/28990_8#2.cram	04698d68b5eaf2e37d550b28789da4d2
APPG7836402	ERR6068418	ftp.sra.ebi.ac.uk/vol1/run/ERR606/ERR6068418/28990_8#3.cram	c3d6e24116a483fa4f0725ed789dd496
APPG7836402	ERR6068419	ftp.sra.ebi.ac.uk/vol1/run/ERR606/ERR6068419/28990_8#4.cram	132c115e0ab3a26f9140df16dc563817
APPG7836404	ERR6068420	ftp.sra.ebi.ac.uk/vol1/run/ERR606/ERR6068420/29106_1#1.cram	2588c93607613e9434355420b620a2dd
APPG7836404	ERR6068421	ftp.sra.ebi.ac.uk/vol1/run/ERR606/ERR6068421/29106_1#2.cram	4c1316f8fd3aa887959bdc86de9352da
APPG7836404	ERR6068422	ftp.sra.ebi.ac.uk/vol1/run/ERR606/ERR6068422/29106_1#3.cram	305d824ca5a7e996115881b10d52b092
APPG7836404	ERR6068423	ftp.sra.ebi.ac.uk/vol1/run/ERR606/ERR6068423/29106_1#4.cram	a7dd721f4d149b13fecd6a70da7d5629
APPG7836405	ERR6068424	ftp.sra.ebi.ac.uk/vol1/run/ERR606/ERR6068424/29106_2#1.cram	2ea826b1cd1bd5a07f085eb84152c214
APPG7836405	ERR6068425	ftp.sra.ebi.ac.uk/vol1/run/ERR606/ERR6068425/29106_2#2.cram	fea625f4eff71ab61b1a2a818d5ae781
APPG7836405	ERR6068426	ftp.sra.ebi.ac.uk/vol1/run/ERR606/ERR6068426/29106_2#3.cram	813ef2ad87a1eccffd3e4c725342a264
APPG7836405	ERR6068427	ftp.sra.ebi.ac.uk/vol1/run/ERR606/ERR6068427/29106_2#4.cram	5b67a9290fb75836e05512f9fa473e2f
APPG7836406	ERR6068428	ftp.sra.ebi.ac.uk/vol1/run/ERR606/ERR6068428/29106_3#1.cram	beb11c134f2dba2dcb03fc8c2f974d01
APPG7836406	ERR6068429	ftp.sra.ebi.ac.uk/vol1/run/ERR606/ERR6068429/29106_3#2.cram	23dd83e788f2dbf2f4858bc48ff8ce77
APPG7836406	ERR6068430	ftp.sra.ebi.ac.uk/vol1/run/ERR606/ERR6068430/29106_3#3.cram	5498c4941c79b33fa15bbdc194c2011e
APPG7836406	ERR6068431	ftp.sra.ebi.ac.uk/vol1/run/ERR606/ERR6068431/29106_3#4.cram	7e16cb5b3a59cbf009599c1853e33605
APPG7836407	ERR6068432	ftp.sra.ebi.ac.uk/vol1/run/ERR606/ERR6068432/29106_4#1.cram	7130c0e31fbade32634404f42c7f4f7b
APPG7836407	ERR6068433	ftp.sra.ebi.ac.uk/vol1/run/ERR606/ERR6068433/29106_4#2.cram	90cc9bee902079251b07bbea9e5d73f0
APPG7836407	ERR6068434	ftp.sra.ebi.ac.uk/vol1/run/ERR606/ERR6068434/29106_4#3.cram	9f107b8d5644ad7cd3c830509f00338f
APPG7836407	ERR6068435	ftp.sra.ebi.ac.uk/vol1/run/ERR606/ERR6068435/29106_4#4.cram	20f217f121cb96dbec7cb8194ef065e7
APPG7836408	ERR6068436	ftp.sra.ebi.ac.uk/vol1/run/ERR606/ERR6068436/29106_5#1.cram	bf4ffd7196c4c4aef2731f6547f30720
APPG7836408	ERR6068437	ftp.sra.ebi.ac.uk/vol1/run/ERR606/ERR6068437/29106_5#2.cram	0ecc6655f97e73ff7de5936711ec2e70
APPG7836408	ERR6068438	ftp.sra.ebi.ac.uk/vol1/run/ERR606/ERR6068438/29106_5#3.cram	2af2fcd8663930d09174d31886a27c1e
APPG7836408	ERR6068439	ftp.sra.ebi.ac.uk/vol1/run/ERR606/ERR6068439/29106_5#4.cram	ba9fa105fb10812e6b0a093f54b2cabd
APPG7836409	ERR6068440	ftp.sra.ebi.ac.uk/vol1/run/ERR606/ERR6068440/29106_6#1.cram	93f7dd123e38cfec42d5ff3333e803db
APPG7836409	ERR6068441	ftp.sra.ebi.ac.uk/vol1/run/ERR606/ERR6068441/29106_6#2.cram	43f951cb98a5cffc6dc1fd63c7776600
APPG7836409	ERR6068442	ftp.sra.ebi.ac.uk/vol1/run/ERR606/ERR6068442/29106_6#3.cram	b9a516865d5fed15952addb7bbccf496
APPG7836409	ERR6068443	ftp.sra.ebi.ac.uk/vol1/run/ERR606/ERR6068443/29106_6#4.cram	8a88faf708012b74b4b1ea8a4dacb4f8
APPG7836410	ERR6068444	ftp.sra.ebi.ac.uk/vol1/run/ERR606/ERR6068444/29106_7#1.cram	b421e9374f0a29c27e3f73b8d70de1e4
APPG7836410	ERR6068445	ftp.sra.ebi.ac.uk/vol1/run/ERR606/ERR6068445/29106_7#2.cram	1451265326d23b4344162babb6684272
APPG7836410	ERR6068446	ftp.sra.ebi.ac.uk/vol1/run/ERR606/ERR6068446/29106_7#3.cram	9d4aecb6d1744fe69798db3dd27a630b
APPG7836410	ERR6068447	ftp.sra.ebi.ac.uk/vol1/run/ERR606/ERR6068447/29106_7#4.cram	e18132ebaeed11328b53a537e729ac36
APPG7836396	ERR6068448	ftp.sra.ebi.ac.uk/vol1/run/ERR606/ERR6068448/29106_8#1.cram	3c1629aadcb8fdc02abc631f30ee267a
APPG7836396	ERR6068449	ftp.sra.ebi.ac.uk/vol1/run/ERR606/ERR6068449/29106_8#2.cram	32b3903811af927f3270ab0e7293d23a
APPG7836396	ERR6068450	ftp.sra.ebi.ac.uk/vol1/run/ERR606/ERR6068450/29106_8#3.cram	c056a1bd7f8ac844ad9179bb08d89dc4
APPG7836396	ERR6068451	ftp.sra.ebi.ac.uk/vol1/run/ERR606/ERR6068451/29106_8#4.cram	d01acc1c4b80954cdf939b809894e892
APPG7850840	ERR6068452	ftp.sra.ebi.ac.uk/vol1/run/ERR606/ERR6068452/29691_5#1.cram	3fd394dd4dd347e87b74d6c6878f2ae4
APPG7850840	ERR6068453	ftp.sra.ebi.ac.uk/vol1/run/ERR606/ERR6068453/29691_5#2.cram	806907ec54c1f81ffe49df2fd1d4101e
APPG7850840	ERR6068454	ftp.sra.ebi.ac.uk/vol1/run/ERR606/ERR6068454/29691_5#3.cram	f5ee6a1688c39bde5ea6d44e6d7a092f
APPG7850840	ERR6068455	ftp.sra.ebi.ac.uk/vol1/run/ERR606/ERR6068455/29691_5#4.cram	f5318feee25fbd88b68337ed70433ed0
APPG7850841	ERR6068456	ftp.sra.ebi.ac.uk/vol1/run/ERR606/ERR6068456/29691_6#1.cram	838e95e1562a6a0d10336ca4768b5790
APPG7850841	ERR6068457	ftp.sra.ebi.ac.uk/vol1/run/ERR606/ERR6068457/29691_6#2.cram	d85f707037e4346381d0126c646acd2b
APPG7850841	ERR6068458	ftp.sra.ebi.ac.uk/vol1/run/ERR606/ERR6068458/29691_6#3.cram	16f147e04437c6794db19f54f9929fc3
APPG7850841	ERR6068459	ftp.sra.ebi.ac.uk/vol1/run/ERR606/ERR6068459/29691_6#4.cram	aa0107712c678bb4d78de5f7b2449e75