sample	accession	center	platform	layout	library	description	fastq_r1	fastq_r2
CGG2012644	181214_K00234_0160_BH2WG7BBXY_ESW_TTP3_CGG2012644_S1_L001	CGG	ILLUMINA	SINGLE	CGG2012644	evan.irvingpease@gmail.com	data/source/cgg-afr/fastq/181214_K00234_0160_BH2WG7BBXY/Modern_Africans/ESW_TTP3_CGG2012644_S1_L001_R1_001.fastq.gz	
CGG2013653	181214_K00234_0160_BH2WG7BBXY_ESW_TTP3_CGG2013653_S2_L001	CGG	ILLUMINA	SINGLE	CGG2013653	evan.irvingpease@gmail.com	data/source/cgg-afr/fastq/181214_K00234_0160_BH2WG7BBXY/Modern_Africans/ESW_TTP3_CGG2013653_S2_L001_R1_001.fastq.gz	
CGG2013654	181214_K00234_0160_BH2WG7BBXY_ESW_TTP3_CGG2013654_S3_L001	CGG	ILLUMINA	SINGLE	CGG2013654	evan.irvingpease@gmail.com	data/source/cgg-afr/fastq/181214_K00234_0160_BH2WG7BBXY/Modern_Africans/ESW_TTP3_CGG2013654_S3_L001_R1_001.fastq.gz	
CGG2013657	181214_K00234_0160_BH2WG7BBXY_ESW_TTP3_CGG2013657_S4_L001	CGG	ILLUMINA	SINGLE	CGG2013657	evan.irvingpease@gmail.com	data/source/cgg-afr/fastq/181214_K00234_0160_BH2WG7BBXY/Modern_Africans/ESW_TTP3_CGG2013657_S4_L001_R1_001.fastq.gz	
CGG2014113	181214_K00234_0160_BH2WG7BBXY_ESW_TTP3_CGG2014113_S5_L001	CGG	ILLUMINA	SINGLE	CGG2014113	evan.irvingpease@gmail.com	data/source/cgg-afr/fastq/181214_K00234_0160_BH2WG7BBXY/Modern_Africans/ESW_TTP3_CGG2014113_S5_L001_R1_001.fastq.gz	
CGG2014115	181214_K00234_0160_BH2WG7BBXY_ESW_TTP3_CGG2014115_S6_L001	CGG	ILLUMINA	SINGLE	CGG2014115	evan.irvingpease@gmail.com	data/source/cgg-afr/fastq/181214_K00234_0160_BH2WG7BBXY/Modern_Africans/ESW_TTP3_CGG2014115_S6_L001_R1_001.fastq.gz	
CGG2014119	181214_K00234_0160_BH2WG7BBXY_ESW_TTP3_CGG2014119_S7_L001	CGG	ILLUMINA	SINGLE	CGG2014119	evan.irvingpease@gmail.com	data/source/cgg-afr/fastq/181214_K00234_0160_BH2WG7BBXY/Modern_Africans/ESW_TTP3_CGG2014119_S7_L001_R1_001.fastq.gz	
CGG2014127	181214_K00234_0160_BH2WG7BBXY_ESW_TTP3_CGG2014127_S8_L001	CGG	ILLUMINA	SINGLE	CGG2014127	evan.irvingpease@gmail.com	data/source/cgg-afr/fastq/181214_K00234_0160_BH2WG7BBXY/Modern_Africans/ESW_TTP3_CGG2014127_S8_L001_R1_001.fastq.gz	
CGG2014133	181214_K00234_0160_BH2WG7BBXY_ESW_TTP3_CGG2014133_S10_L001	CGG	ILLUMINA	SINGLE	CGG2014133	evan.irvingpease@gmail.com	data/source/cgg-afr/fastq/181214_K00234_0160_BH2WG7BBXY/Modern_Africans/ESW_TTP3_CGG2014133_S10_L001_R1_001.fastq.gz	
CGG2014141	181214_K00234_0160_BH2WG7BBXY_ESW_TTP3_CGG2014141_S11_L001	CGG	ILLUMINA	SINGLE	CGG2014141	evan.irvingpease@gmail.com	data/source/cgg-afr/fastq/181214_K00234_0160_BH2WG7BBXY/Modern_Africans/ESW_TTP3_CGG2014141_S11_L001_R1_001.fastq.gz	
CGG2014153	181214_K00234_0160_BH2WG7BBXY_ESW_TTP3_CGG2014153_S12_L001	CGG	ILLUMINA	SINGLE	CGG2014153	evan.irvingpease@gmail.com	data/source/cgg-afr/fastq/181214_K00234_0160_BH2WG7BBXY/Modern_Africans/ESW_TTP3_CGG2014153_S12_L001_R1_001.fastq.gz	
CGG2014156	181214_K00234_0160_BH2WG7BBXY_ESW_TTP3_CGG2014156_S13_L001	CGG	ILLUMINA	SINGLE	CGG2014156	evan.irvingpease@gmail.com	data/source/cgg-afr/fastq/181214_K00234_0160_BH2WG7BBXY/Modern_Africans/ESW_TTP3_CGG2014156_S13_L001_R1_001.fastq.gz	
CGG2014159	181214_K00234_0160_BH2WG7BBXY_ESW_TTP3_CGG2014159_S14_L001	CGG	ILLUMINA	SINGLE	CGG2014159	evan.irvingpease@gmail.com	data/source/cgg-afr/fastq/181214_K00234_0160_BH2WG7BBXY/Modern_Africans/ESW_TTP3_CGG2014159_S14_L001_R1_001.fastq.gz	
CGG2014160	181214_K00234_0160_BH2WG7BBXY_ESW_TTP3_CGG2014160_S15_L001	CGG	ILLUMINA	SINGLE	CGG2014160	evan.irvingpease@gmail.com	data/source/cgg-afr/fastq/181214_K00234_0160_BH2WG7BBXY/Modern_Africans/ESW_TTP3_CGG2014160_S15_L001_R1_001.fastq.gz	
CGG2014211	181214_K00234_0160_BH2WG7BBXY_ESW_TTP3_CGG2014211_S16_L001	CGG	ILLUMINA	SINGLE	CGG2014211	evan.irvingpease@gmail.com	data/source/cgg-afr/fastq/181214_K00234_0160_BH2WG7BBXY/Modern_Africans/ESW_TTP3_CGG2014211_S16_L001_R1_001.fastq.gz	
CGG2014216	181214_K00234_0160_BH2WG7BBXY_ESW_TTP3_CGG2014216_S17_L001	CGG	ILLUMINA	SINGLE	CGG2014216	evan.irvingpease@gmail.com	data/source/cgg-afr/fastq/181214_K00234_0160_BH2WG7BBXY/Modern_Africans/ESW_TTP3_CGG2014216_S17_L001_R1_001.fastq.gz	
CGG2014226	181214_K00234_0160_BH2WG7BBXY_ESW_TTP3_CGG2014226_S18_L001	CGG	ILLUMINA	SINGLE	CGG2014226	evan.irvingpease@gmail.com	data/source/cgg-afr/fastq/181214_K00234_0160_BH2WG7BBXY/Modern_Africans/ESW_TTP3_CGG2014226_S18_L001_R1_001.fastq.gz	
CGG2014233	181214_K00234_0160_BH2WG7BBXY_ESW_TTP3_CGG2014233_S19_L001	CGG	ILLUMINA	SINGLE	CGG2014233	evan.irvingpease@gmail.com	data/source/cgg-afr/fastq/181214_K00234_0160_BH2WG7BBXY/Modern_Africans/ESW_TTP3_CGG2014233_S19_L001_R1_001.fastq.gz	
CGG2014236	181214_K00234_0160_BH2WG7BBXY_ESW_TTP3_CGG2014236_S20_L001	CGG	ILLUMINA	SINGLE	CGG2014236	evan.irvingpease@gmail.com	data/source/cgg-afr/fastq/181214_K00234_0160_BH2WG7BBXY/Modern_Africans/ESW_TTP3_CGG2014236_S20_L001_R1_001.fastq.gz	
CGG2014304	181214_K00234_0160_BH2WG7BBXY_ESW_TTP3_CGG2014304_S21_L001	CGG	ILLUMINA	SINGLE	CGG2014304	evan.irvingpease@gmail.com	data/source/cgg-afr/fastq/181214_K00234_0160_BH2WG7BBXY/Modern_Africans/ESW_TTP3_CGG2014304_S21_L001_R1_001.fastq.gz	
CGG2014305	181214_K00234_0160_BH2WG7BBXY_ESW_TTP3_CGG2014305_S22_L001	CGG	ILLUMINA	SINGLE	CGG2014305	evan.irvingpease@gmail.com	data/source/cgg-afr/fastq/181214_K00234_0160_BH2WG7BBXY/Modern_Africans/ESW_TTP3_CGG2014305_S22_L001_R1_001.fastq.gz	
CGG2014308	181214_K00234_0160_BH2WG7BBXY_ESW_TTP3_CGG2014308_S23_L001	CGG	ILLUMINA	SINGLE	CGG2014308	evan.irvingpease@gmail.com	data/source/cgg-afr/fastq/181214_K00234_0160_BH2WG7BBXY/Modern_Africans/ESW_TTP3_CGG2014308_S23_L001_R1_001.fastq.gz	
CGG2014313	181214_K00234_0160_BH2WG7BBXY_ESW_TTP3_CGG2014313_S24_L001	CGG	ILLUMINA	SINGLE	CGG2014313	evan.irvingpease@gmail.com	data/source/cgg-afr/fastq/181214_K00234_0160_BH2WG7BBXY/Modern_Africans/ESW_TTP3_CGG2014313_S24_L001_R1_001.fastq.gz	
CGG2014319	181214_K00234_0160_BH2WG7BBXY_ESW_TTP3_CGG2014319_S25_L001	CGG	ILLUMINA	SINGLE	CGG2014319	evan.irvingpease@gmail.com	data/source/cgg-afr/fastq/181214_K00234_0160_BH2WG7BBXY/Modern_Africans/ESW_TTP3_CGG2014319_S25_L001_R1_001.fastq.gz	
CGG2012300	190123_A00706_0007_AHHFTVDMXX_ESW_HR3H_CGG2012300_E1_L1_S1_L001	CGG	ILLUMINA	PAIRED	CGG2012300	evan.irvingpease@gmail.com	data/source/cgg-afr/fastq/190123_A00706_0007_AHHFTVDMXX-ModernAfricans/ESW_HR3H_CGG2012300_E1_L1_S1_L001_R1_001.fastq.gz	data/source/cgg-afr/fastq/190123_A00706_0007_AHHFTVDMXX-ModernAfricans/ESW_HR3H_CGG2012300_E1_L1_S1_L001_R2_001.fastq.gz
CGG2012300	190123_A00706_0007_AHHFTVDMXX_ESW_HR3H_CGG2012300_E1_L1_S1_L002	CGG	ILLUMINA	PAIRED	CGG2012300	evan.irvingpease@gmail.com	data/source/cgg-afr/fastq/190123_A00706_0007_AHHFTVDMXX-ModernAfricans/ESW_HR3H_CGG2012300_E1_L1_S1_L002_R1_001.fastq.gz	data/source/cgg-afr/fastq/190123_A00706_0007_AHHFTVDMXX-ModernAfricans/ESW_HR3H_CGG2012300_E1_L1_S1_L002_R2_001.fastq.gz
CGG2012301	190123_A00706_0007_AHHFTVDMXX_ESW_HR3H_CGG2012301_E1_L1_S2_L001	CGG	ILLUMINA	PAIRED	CGG2012301	evan.irvingpease@gmail.com	data/source/cgg-afr/fastq/190123_A00706_0007_AHHFTVDMXX-ModernAfricans/ESW_HR3H_CGG2012301_E1_L1_S2_L001_R1_001.fastq.gz	data/source/cgg-afr/fastq/190123_A00706_0007_AHHFTVDMXX-ModernAfricans/ESW_HR3H_CGG2012301_E1_L1_S2_L001_R2_001.fastq.gz
CGG2012301	190123_A00706_0007_AHHFTVDMXX_ESW_HR3H_CGG2012301_E1_L1_S2_L002	CGG	ILLUMINA	PAIRED	CGG2012301	evan.irvingpease@gmail.com	data/source/cgg-afr/fastq/190123_A00706_0007_AHHFTVDMXX-ModernAfricans/ESW_HR3H_CGG2012301_E1_L1_S2_L002_R1_001.fastq.gz	data/source/cgg-afr/fastq/190123_A00706_0007_AHHFTVDMXX-ModernAfricans/ESW_HR3H_CGG2012301_E1_L1_S2_L002_R2_001.fastq.gz
CGG2012305	190123_A00706_0007_AHHFTVDMXX_ESW_HR3H_CGG2012305_E1_L1_S3_L001	CGG	ILLUMINA	PAIRED	CGG2012305	evan.irvingpease@gmail.com	data/source/cgg-afr/fastq/190123_A00706_0007_AHHFTVDMXX-ModernAfricans/ESW_HR3H_CGG2012305_E1_L1_S3_L001_R1_001.fastq.gz	data/source/cgg-afr/fastq/190123_A00706_0007_AHHFTVDMXX-ModernAfricans/ESW_HR3H_CGG2012305_E1_L1_S3_L001_R2_001.fastq.gz
CGG2012305	190123_A00706_0007_AHHFTVDMXX_ESW_HR3H_CGG2012305_E1_L1_S3_L002	CGG	ILLUMINA	PAIRED	CGG2012305	evan.irvingpease@gmail.com	data/source/cgg-afr/fastq/190123_A00706_0007_AHHFTVDMXX-ModernAfricans/ESW_HR3H_CGG2012305_E1_L1_S3_L002_R1_001.fastq.gz	data/source/cgg-afr/fastq/190123_A00706_0007_AHHFTVDMXX-ModernAfricans/ESW_HR3H_CGG2012305_E1_L1_S3_L002_R2_001.fastq.gz
CGG2012316	190123_A00706_0007_AHHFTVDMXX_ESW_HR3H_CGG2012316_E1_L1_S4_L001	CGG	ILLUMINA	PAIRED	CGG2012316	evan.irvingpease@gmail.com	data/source/cgg-afr/fastq/190123_A00706_0007_AHHFTVDMXX-ModernAfricans/ESW_HR3H_CGG2012316_E1_L1_S4_L001_R1_001.fastq.gz	data/source/cgg-afr/fastq/190123_A00706_0007_AHHFTVDMXX-ModernAfricans/ESW_HR3H_CGG2012316_E1_L1_S4_L001_R2_001.fastq.gz
CGG2012316	190123_A00706_0007_AHHFTVDMXX_ESW_HR3H_CGG2012316_E1_L1_S4_L002	CGG	ILLUMINA	PAIRED	CGG2012316	evan.irvingpease@gmail.com	data/source/cgg-afr/fastq/190123_A00706_0007_AHHFTVDMXX-ModernAfricans/ESW_HR3H_CGG2012316_E1_L1_S4_L002_R1_001.fastq.gz	data/source/cgg-afr/fastq/190123_A00706_0007_AHHFTVDMXX-ModernAfricans/ESW_HR3H_CGG2012316_E1_L1_S4_L002_R2_001.fastq.gz
CGG2012333	190123_A00706_0007_AHHFTVDMXX_ESW_HR3H_CGG2012333_E1_L1_S5_L001	CGG	ILLUMINA	PAIRED	CGG2012333	evan.irvingpease@gmail.com	data/source/cgg-afr/fastq/190123_A00706_0007_AHHFTVDMXX-ModernAfricans/ESW_HR3H_CGG2012333_E1_L1_S5_L001_R1_001.fastq.gz	data/source/cgg-afr/fastq/190123_A00706_0007_AHHFTVDMXX-ModernAfricans/ESW_HR3H_CGG2012333_E1_L1_S5_L001_R2_001.fastq.gz
CGG2012333	190123_A00706_0007_AHHFTVDMXX_ESW_HR3H_CGG2012333_E1_L1_S5_L002	CGG	ILLUMINA	PAIRED	CGG2012333	evan.irvingpease@gmail.com	data/source/cgg-afr/fastq/190123_A00706_0007_AHHFTVDMXX-ModernAfricans/ESW_HR3H_CGG2012333_E1_L1_S5_L002_R1_001.fastq.gz	data/source/cgg-afr/fastq/190123_A00706_0007_AHHFTVDMXX-ModernAfricans/ESW_HR3H_CGG2012333_E1_L1_S5_L002_R2_001.fastq.gz
CGG2012406	190123_A00706_0007_AHHFTVDMXX_ESW_HR3H_CGG2012406_E1_L1_S6_L001	CGG	ILLUMINA	PAIRED	CGG2012406	evan.irvingpease@gmail.com	data/source/cgg-afr/fastq/190123_A00706_0007_AHHFTVDMXX-ModernAfricans/ESW_HR3H_CGG2012406_E1_L1_S6_L001_R1_001.fastq.gz	data/source/cgg-afr/fastq/190123_A00706_0007_AHHFTVDMXX-ModernAfricans/ESW_HR3H_CGG2012406_E1_L1_S6_L001_R2_001.fastq.gz
CGG2012406	190123_A00706_0007_AHHFTVDMXX_ESW_HR3H_CGG2012406_E1_L1_S6_L002	CGG	ILLUMINA	PAIRED	CGG2012406	evan.irvingpease@gmail.com	data/source/cgg-afr/fastq/190123_A00706_0007_AHHFTVDMXX-ModernAfricans/ESW_HR3H_CGG2012406_E1_L1_S6_L002_R1_001.fastq.gz	data/source/cgg-afr/fastq/190123_A00706_0007_AHHFTVDMXX-ModernAfricans/ESW_HR3H_CGG2012406_E1_L1_S6_L002_R2_001.fastq.gz
CGG2012408	190123_A00706_0007_AHHFTVDMXX_ESW_HR3H_CGG2012408_E1_L1_S7_L001	CGG	ILLUMINA	PAIRED	CGG2012408	evan.irvingpease@gmail.com	data/source/cgg-afr/fastq/190123_A00706_0007_AHHFTVDMXX-ModernAfricans/ESW_HR3H_CGG2012408_E1_L1_S7_L001_R1_001.fastq.gz	data/source/cgg-afr/fastq/190123_A00706_0007_AHHFTVDMXX-ModernAfricans/ESW_HR3H_CGG2012408_E1_L1_S7_L001_R2_001.fastq.gz
CGG2012408	190123_A00706_0007_AHHFTVDMXX_ESW_HR3H_CGG2012408_E1_L1_S7_L002	CGG	ILLUMINA	PAIRED	CGG2012408	evan.irvingpease@gmail.com	data/source/cgg-afr/fastq/190123_A00706_0007_AHHFTVDMXX-ModernAfricans/ESW_HR3H_CGG2012408_E1_L1_S7_L002_R1_001.fastq.gz	data/source/cgg-afr/fastq/190123_A00706_0007_AHHFTVDMXX-ModernAfricans/ESW_HR3H_CGG2012408_E1_L1_S7_L002_R2_001.fastq.gz
CGG2012409	190123_A00706_0007_AHHFTVDMXX_ESW_HR3H_CGG2012409_E1_L1_S8_L001	CGG	ILLUMINA	PAIRED	CGG2012409	evan.irvingpease@gmail.com	data/source/cgg-afr/fastq/190123_A00706_0007_AHHFTVDMXX-ModernAfricans/ESW_HR3H_CGG2012409_E1_L1_S8_L001_R1_001.fastq.gz	data/source/cgg-afr/fastq/190123_A00706_0007_AHHFTVDMXX-ModernAfricans/ESW_HR3H_CGG2012409_E1_L1_S8_L001_R2_001.fastq.gz
CGG2012409	190123_A00706_0007_AHHFTVDMXX_ESW_HR3H_CGG2012409_E1_L1_S8_L002	CGG	ILLUMINA	PAIRED	CGG2012409	evan.irvingpease@gmail.com	data/source/cgg-afr/fastq/190123_A00706_0007_AHHFTVDMXX-ModernAfricans/ESW_HR3H_CGG2012409_E1_L1_S8_L002_R1_001.fastq.gz	data/source/cgg-afr/fastq/190123_A00706_0007_AHHFTVDMXX-ModernAfricans/ESW_HR3H_CGG2012409_E1_L1_S8_L002_R2_001.fastq.gz
CGG2012411	190123_A00706_0007_AHHFTVDMXX_ESW_HR3H_CGG2012411_E1_L1_S9_L001	CGG	ILLUMINA	PAIRED	CGG2012411	evan.irvingpease@gmail.com	data/source/cgg-afr/fastq/190123_A00706_0007_AHHFTVDMXX-ModernAfricans/ESW_HR3H_CGG2012411_E1_L1_S9_L001_R1_001.fastq.gz	data/source/cgg-afr/fastq/190123_A00706_0007_AHHFTVDMXX-ModernAfricans/ESW_HR3H_CGG2012411_E1_L1_S9_L001_R2_001.fastq.gz
CGG2012411	190123_A00706_0007_AHHFTVDMXX_ESW_HR3H_CGG2012411_E1_L1_S9_L002	CGG	ILLUMINA	PAIRED	CGG2012411	evan.irvingpease@gmail.com	data/source/cgg-afr/fastq/190123_A00706_0007_AHHFTVDMXX-ModernAfricans/ESW_HR3H_CGG2012411_E1_L1_S9_L002_R1_001.fastq.gz	data/source/cgg-afr/fastq/190123_A00706_0007_AHHFTVDMXX-ModernAfricans/ESW_HR3H_CGG2012411_E1_L1_S9_L002_R2_001.fastq.gz
CGG2012412	190123_A00706_0007_AHHFTVDMXX_ESW_HR3H_CGG2012412_E1_L1_S10_L001	CGG	ILLUMINA	PAIRED	CGG2012412	evan.irvingpease@gmail.com	data/source/cgg-afr/fastq/190123_A00706_0007_AHHFTVDMXX-ModernAfricans/ESW_HR3H_CGG2012412_E1_L1_S10_L001_R1_001.fastq.gz	data/source/cgg-afr/fastq/190123_A00706_0007_AHHFTVDMXX-ModernAfricans/ESW_HR3H_CGG2012412_E1_L1_S10_L001_R2_001.fastq.gz
CGG2012412	190123_A00706_0007_AHHFTVDMXX_ESW_HR3H_CGG2012412_E1_L1_S10_L002	CGG	ILLUMINA	PAIRED	CGG2012412	evan.irvingpease@gmail.com	data/source/cgg-afr/fastq/190123_A00706_0007_AHHFTVDMXX-ModernAfricans/ESW_HR3H_CGG2012412_E1_L1_S10_L002_R1_001.fastq.gz	data/source/cgg-afr/fastq/190123_A00706_0007_AHHFTVDMXX-ModernAfricans/ESW_HR3H_CGG2012412_E1_L1_S10_L002_R2_001.fastq.gz
CGG2012514	190123_A00706_0007_AHHFTVDMXX_ESW_HR3H_CGG2012514_E1_L1_S11_L001	CGG	ILLUMINA	PAIRED	CGG2012514	evan.irvingpease@gmail.com	data/source/cgg-afr/fastq/190123_A00706_0007_AHHFTVDMXX-ModernAfricans/ESW_HR3H_CGG2012514_E1_L1_S11_L001_R1_001.fastq.gz	data/source/cgg-afr/fastq/190123_A00706_0007_AHHFTVDMXX-ModernAfricans/ESW_HR3H_CGG2012514_E1_L1_S11_L001_R2_001.fastq.gz
CGG2012514	190123_A00706_0007_AHHFTVDMXX_ESW_HR3H_CGG2012514_E1_L1_S11_L002	CGG	ILLUMINA	PAIRED	CGG2012514	evan.irvingpease@gmail.com	data/source/cgg-afr/fastq/190123_A00706_0007_AHHFTVDMXX-ModernAfricans/ESW_HR3H_CGG2012514_E1_L1_S11_L002_R1_001.fastq.gz	data/source/cgg-afr/fastq/190123_A00706_0007_AHHFTVDMXX-ModernAfricans/ESW_HR3H_CGG2012514_E1_L1_S11_L002_R2_001.fastq.gz
CGG2012520	190123_A00706_0007_AHHFTVDMXX_ESW_HR3H_CGG2012520_E1_L1_S12_L001	CGG	ILLUMINA	PAIRED	CGG2012520	evan.irvingpease@gmail.com	data/source/cgg-afr/fastq/190123_A00706_0007_AHHFTVDMXX-ModernAfricans/ESW_HR3H_CGG2012520_E1_L1_S12_L001_R1_001.fastq.gz	data/source/cgg-afr/fastq/190123_A00706_0007_AHHFTVDMXX-ModernAfricans/ESW_HR3H_CGG2012520_E1_L1_S12_L001_R2_001.fastq.gz
CGG2012520	190123_A00706_0007_AHHFTVDMXX_ESW_HR3H_CGG2012520_E1_L1_S12_L002	CGG	ILLUMINA	PAIRED	CGG2012520	evan.irvingpease@gmail.com	data/source/cgg-afr/fastq/190123_A00706_0007_AHHFTVDMXX-ModernAfricans/ESW_HR3H_CGG2012520_E1_L1_S12_L002_R1_001.fastq.gz	data/source/cgg-afr/fastq/190123_A00706_0007_AHHFTVDMXX-ModernAfricans/ESW_HR3H_CGG2012520_E1_L1_S12_L002_R2_001.fastq.gz
CGG2012529	190123_A00706_0007_AHHFTVDMXX_ESW_HR3H_CGG2012529_E1_L1_S13_L001	CGG	ILLUMINA	PAIRED	CGG2012529	evan.irvingpease@gmail.com	data/source/cgg-afr/fastq/190123_A00706_0007_AHHFTVDMXX-ModernAfricans/ESW_HR3H_CGG2012529_E1_L1_S13_L001_R1_001.fastq.gz	data/source/cgg-afr/fastq/190123_A00706_0007_AHHFTVDMXX-ModernAfricans/ESW_HR3H_CGG2012529_E1_L1_S13_L001_R2_001.fastq.gz
CGG2012529	190123_A00706_0007_AHHFTVDMXX_ESW_HR3H_CGG2012529_E1_L1_S13_L002	CGG	ILLUMINA	PAIRED	CGG2012529	evan.irvingpease@gmail.com	data/source/cgg-afr/fastq/190123_A00706_0007_AHHFTVDMXX-ModernAfricans/ESW_HR3H_CGG2012529_E1_L1_S13_L002_R1_001.fastq.gz	data/source/cgg-afr/fastq/190123_A00706_0007_AHHFTVDMXX-ModernAfricans/ESW_HR3H_CGG2012529_E1_L1_S13_L002_R2_001.fastq.gz
CGG2012538	190123_A00706_0007_AHHFTVDMXX_ESW_HR3H_CGG2012538_E1_L1_S14_L001	CGG	ILLUMINA	PAIRED	CGG2012538	evan.irvingpease@gmail.com	data/source/cgg-afr/fastq/190123_A00706_0007_AHHFTVDMXX-ModernAfricans/ESW_HR3H_CGG2012538_E1_L1_S14_L001_R1_001.fastq.gz	data/source/cgg-afr/fastq/190123_A00706_0007_AHHFTVDMXX-ModernAfricans/ESW_HR3H_CGG2012538_E1_L1_S14_L001_R2_001.fastq.gz
CGG2012538	190123_A00706_0007_AHHFTVDMXX_ESW_HR3H_CGG2012538_E1_L1_S14_L002	CGG	ILLUMINA	PAIRED	CGG2012538	evan.irvingpease@gmail.com	data/source/cgg-afr/fastq/190123_A00706_0007_AHHFTVDMXX-ModernAfricans/ESW_HR3H_CGG2012538_E1_L1_S14_L002_R1_001.fastq.gz	data/source/cgg-afr/fastq/190123_A00706_0007_AHHFTVDMXX-ModernAfricans/ESW_HR3H_CGG2012538_E1_L1_S14_L002_R2_001.fastq.gz
CGG2012549	190123_A00706_0007_AHHFTVDMXX_ESW_HR3H_CGG2012549_E1_L1_S15_L001	CGG	ILLUMINA	PAIRED	CGG2012549	evan.irvingpease@gmail.com	data/source/cgg-afr/fastq/190123_A00706_0007_AHHFTVDMXX-ModernAfricans/ESW_HR3H_CGG2012549_E1_L1_S15_L001_R1_001.fastq.gz	data/source/cgg-afr/fastq/190123_A00706_0007_AHHFTVDMXX-ModernAfricans/ESW_HR3H_CGG2012549_E1_L1_S15_L001_R2_001.fastq.gz
CGG2012549	190123_A00706_0007_AHHFTVDMXX_ESW_HR3H_CGG2012549_E1_L1_S15_L002	CGG	ILLUMINA	PAIRED	CGG2012549	evan.irvingpease@gmail.com	data/source/cgg-afr/fastq/190123_A00706_0007_AHHFTVDMXX-ModernAfricans/ESW_HR3H_CGG2012549_E1_L1_S15_L002_R1_001.fastq.gz	data/source/cgg-afr/fastq/190123_A00706_0007_AHHFTVDMXX-ModernAfricans/ESW_HR3H_CGG2012549_E1_L1_S15_L002_R2_001.fastq.gz
CGG2012556	190123_A00706_0007_AHHFTVDMXX_ESW_HR3H_CGG2012556_E1_L1_S16_L001	CGG	ILLUMINA	PAIRED	CGG2012556	evan.irvingpease@gmail.com	data/source/cgg-afr/fastq/190123_A00706_0007_AHHFTVDMXX-ModernAfricans/ESW_HR3H_CGG2012556_E1_L1_S16_L001_R1_001.fastq.gz	data/source/cgg-afr/fastq/190123_A00706_0007_AHHFTVDMXX-ModernAfricans/ESW_HR3H_CGG2012556_E1_L1_S16_L001_R2_001.fastq.gz
CGG2012556	190123_A00706_0007_AHHFTVDMXX_ESW_HR3H_CGG2012556_E1_L1_S16_L002	CGG	ILLUMINA	PAIRED	CGG2012556	evan.irvingpease@gmail.com	data/source/cgg-afr/fastq/190123_A00706_0007_AHHFTVDMXX-ModernAfricans/ESW_HR3H_CGG2012556_E1_L1_S16_L002_R1_001.fastq.gz	data/source/cgg-afr/fastq/190123_A00706_0007_AHHFTVDMXX-ModernAfricans/ESW_HR3H_CGG2012556_E1_L1_S16_L002_R2_001.fastq.gz
CGG2012558	190123_A00706_0007_AHHFTVDMXX_ESW_HR3H_CGG2012558_E1_L1_S18_L001	CGG	ILLUMINA	PAIRED	CGG2012558	evan.irvingpease@gmail.com	data/source/cgg-afr/fastq/190123_A00706_0007_AHHFTVDMXX-ModernAfricans/ESW_HR3H_CGG2012558_E1_L1_S18_L001_R1_001.fastq.gz	data/source/cgg-afr/fastq/190123_A00706_0007_AHHFTVDMXX-ModernAfricans/ESW_HR3H_CGG2012558_E1_L1_S18_L001_R2_001.fastq.gz
CGG2012558	190123_A00706_0007_AHHFTVDMXX_ESW_HR3H_CGG2012558_E1_L1_S18_L002	CGG	ILLUMINA	PAIRED	CGG2012558	evan.irvingpease@gmail.com	data/source/cgg-afr/fastq/190123_A00706_0007_AHHFTVDMXX-ModernAfricans/ESW_HR3H_CGG2012558_E1_L1_S18_L002_R1_001.fastq.gz	data/source/cgg-afr/fastq/190123_A00706_0007_AHHFTVDMXX-ModernAfricans/ESW_HR3H_CGG2012558_E1_L1_S18_L002_R2_001.fastq.gz
CGG2012559	190123_A00706_0007_AHHFTVDMXX_ESW_HR3H_CGG2012559_E1_L1_S19_L001	CGG	ILLUMINA	PAIRED	CGG2012559	evan.irvingpease@gmail.com	data/source/cgg-afr/fastq/190123_A00706_0007_AHHFTVDMXX-ModernAfricans/ESW_HR3H_CGG2012559_E1_L1_S19_L001_R1_001.fastq.gz	data/source/cgg-afr/fastq/190123_A00706_0007_AHHFTVDMXX-ModernAfricans/ESW_HR3H_CGG2012559_E1_L1_S19_L001_R2_001.fastq.gz
CGG2012559	190123_A00706_0007_AHHFTVDMXX_ESW_HR3H_CGG2012559_E1_L1_S19_L002	CGG	ILLUMINA	PAIRED	CGG2012559	evan.irvingpease@gmail.com	data/source/cgg-afr/fastq/190123_A00706_0007_AHHFTVDMXX-ModernAfricans/ESW_HR3H_CGG2012559_E1_L1_S19_L002_R1_001.fastq.gz	data/source/cgg-afr/fastq/190123_A00706_0007_AHHFTVDMXX-ModernAfricans/ESW_HR3H_CGG2012559_E1_L1_S19_L002_R2_001.fastq.gz
CGG2012561	190123_A00706_0007_AHHFTVDMXX_ESW_HR3H_CGG2012561_E1_L1_S20_L001	CGG	ILLUMINA	PAIRED	CGG2012561	evan.irvingpease@gmail.com	data/source/cgg-afr/fastq/190123_A00706_0007_AHHFTVDMXX-ModernAfricans/ESW_HR3H_CGG2012561_E1_L1_S20_L001_R1_001.fastq.gz	data/source/cgg-afr/fastq/190123_A00706_0007_AHHFTVDMXX-ModernAfricans/ESW_HR3H_CGG2012561_E1_L1_S20_L001_R2_001.fastq.gz
CGG2012561	190123_A00706_0007_AHHFTVDMXX_ESW_HR3H_CGG2012561_E1_L1_S20_L002	CGG	ILLUMINA	PAIRED	CGG2012561	evan.irvingpease@gmail.com	data/source/cgg-afr/fastq/190123_A00706_0007_AHHFTVDMXX-ModernAfricans/ESW_HR3H_CGG2012561_E1_L1_S20_L002_R1_001.fastq.gz	data/source/cgg-afr/fastq/190123_A00706_0007_AHHFTVDMXX-ModernAfricans/ESW_HR3H_CGG2012561_E1_L1_S20_L002_R2_001.fastq.gz
CGG2012574	190123_A00706_0007_AHHFTVDMXX_ESW_HR3H_CGG2012574_E1_L1_S21_L001	CGG	ILLUMINA	PAIRED	CGG2012574	evan.irvingpease@gmail.com	data/source/cgg-afr/fastq/190123_A00706_0007_AHHFTVDMXX-ModernAfricans/ESW_HR3H_CGG2012574_E1_L1_S21_L001_R1_001.fastq.gz	data/source/cgg-afr/fastq/190123_A00706_0007_AHHFTVDMXX-ModernAfricans/ESW_HR3H_CGG2012574_E1_L1_S21_L001_R2_001.fastq.gz
CGG2012574	190123_A00706_0007_AHHFTVDMXX_ESW_HR3H_CGG2012574_E1_L1_S21_L002	CGG	ILLUMINA	PAIRED	CGG2012574	evan.irvingpease@gmail.com	data/source/cgg-afr/fastq/190123_A00706_0007_AHHFTVDMXX-ModernAfricans/ESW_HR3H_CGG2012574_E1_L1_S21_L002_R1_001.fastq.gz	data/source/cgg-afr/fastq/190123_A00706_0007_AHHFTVDMXX-ModernAfricans/ESW_HR3H_CGG2012574_E1_L1_S21_L002_R2_001.fastq.gz
CGG2012624	190123_A00706_0007_AHHFTVDMXX_ESW_HR3H_CGG2012624_E1_L1_S22_L001	CGG	ILLUMINA	PAIRED	CGG2012624	evan.irvingpease@gmail.com	data/source/cgg-afr/fastq/190123_A00706_0007_AHHFTVDMXX-ModernAfricans/ESW_HR3H_CGG2012624_E1_L1_S22_L001_R1_001.fastq.gz	data/source/cgg-afr/fastq/190123_A00706_0007_AHHFTVDMXX-ModernAfricans/ESW_HR3H_CGG2012624_E1_L1_S22_L001_R2_001.fastq.gz
CGG2012624	190123_A00706_0007_AHHFTVDMXX_ESW_HR3H_CGG2012624_E1_L1_S22_L002	CGG	ILLUMINA	PAIRED	CGG2012624	evan.irvingpease@gmail.com	data/source/cgg-afr/fastq/190123_A00706_0007_AHHFTVDMXX-ModernAfricans/ESW_HR3H_CGG2012624_E1_L1_S22_L002_R1_001.fastq.gz	data/source/cgg-afr/fastq/190123_A00706_0007_AHHFTVDMXX-ModernAfricans/ESW_HR3H_CGG2012624_E1_L1_S22_L002_R2_001.fastq.gz
CGG2012633	190123_A00706_0007_AHHFTVDMXX_ESW_HR3H_CGG2012633_E1_L1_S23_L001	CGG	ILLUMINA	PAIRED	CGG2012633	evan.irvingpease@gmail.com	data/source/cgg-afr/fastq/190123_A00706_0007_AHHFTVDMXX-ModernAfricans/ESW_HR3H_CGG2012633_E1_L1_S23_L001_R1_001.fastq.gz	data/source/cgg-afr/fastq/190123_A00706_0007_AHHFTVDMXX-ModernAfricans/ESW_HR3H_CGG2012633_E1_L1_S23_L001_R2_001.fastq.gz
CGG2012633	190123_A00706_0007_AHHFTVDMXX_ESW_HR3H_CGG2012633_E1_L1_S23_L002	CGG	ILLUMINA	PAIRED	CGG2012633	evan.irvingpease@gmail.com	data/source/cgg-afr/fastq/190123_A00706_0007_AHHFTVDMXX-ModernAfricans/ESW_HR3H_CGG2012633_E1_L1_S23_L002_R1_001.fastq.gz	data/source/cgg-afr/fastq/190123_A00706_0007_AHHFTVDMXX-ModernAfricans/ESW_HR3H_CGG2012633_E1_L1_S23_L002_R2_001.fastq.gz
CGG2012641	190123_A00706_0007_AHHFTVDMXX_ESW_HR3H_CGG2012641_E1_L1_S24_L001	CGG	ILLUMINA	PAIRED	CGG2012641	evan.irvingpease@gmail.com	data/source/cgg-afr/fastq/190123_A00706_0007_AHHFTVDMXX-ModernAfricans/ESW_HR3H_CGG2012641_E1_L1_S24_L001_R1_001.fastq.gz	data/source/cgg-afr/fastq/190123_A00706_0007_AHHFTVDMXX-ModernAfricans/ESW_HR3H_CGG2012641_E1_L1_S24_L001_R2_001.fastq.gz
CGG2012641	190123_A00706_0007_AHHFTVDMXX_ESW_HR3H_CGG2012641_E1_L1_S24_L002	CGG	ILLUMINA	PAIRED	CGG2012641	evan.irvingpease@gmail.com	data/source/cgg-afr/fastq/190123_A00706_0007_AHHFTVDMXX-ModernAfricans/ESW_HR3H_CGG2012641_E1_L1_S24_L002_R1_001.fastq.gz	data/source/cgg-afr/fastq/190123_A00706_0007_AHHFTVDMXX-ModernAfricans/ESW_HR3H_CGG2012641_E1_L1_S24_L002_R2_001.fastq.gz
CGG2012643	190123_A00706_0007_AHHFTVDMXX_ESW_HR3H_CGG2012643_E1_L1_S25_L001	CGG	ILLUMINA	PAIRED	CGG2012643	evan.irvingpease@gmail.com	data/source/cgg-afr/fastq/190123_A00706_0007_AHHFTVDMXX-ModernAfricans/ESW_HR3H_CGG2012643_E1_L1_S25_L001_R1_001.fastq.gz	data/source/cgg-afr/fastq/190123_A00706_0007_AHHFTVDMXX-ModernAfricans/ESW_HR3H_CGG2012643_E1_L1_S25_L001_R2_001.fastq.gz
CGG2012643	190123_A00706_0007_AHHFTVDMXX_ESW_HR3H_CGG2012643_E1_L1_S25_L002	CGG	ILLUMINA	PAIRED	CGG2012643	evan.irvingpease@gmail.com	data/source/cgg-afr/fastq/190123_A00706_0007_AHHFTVDMXX-ModernAfricans/ESW_HR3H_CGG2012643_E1_L1_S25_L002_R1_001.fastq.gz	data/source/cgg-afr/fastq/190123_A00706_0007_AHHFTVDMXX-ModernAfricans/ESW_HR3H_CGG2012643_E1_L1_S25_L002_R2_001.fastq.gz
CGG2012644	190313_A00706_0008_AHGT3LDSXX_4_TTP3_CGG2012644_E1_L1_S1_L004	CGG	ILLUMINA	PAIRED	CGG2012644	evan.irvingpease@gmail.com	data/source/cgg-afr/fastq/190313_A00706_0008_AHGT3LDSXX_4/Modern_Africans/Modern_Africans/TTP3aCGG2012644aE1aL1_S1_L004_R1_001.fastq.gz	data/source/cgg-afr/fastq/190313_A00706_0008_AHGT3LDSXX_4/Modern_Africans/Modern_Africans/TTP3aCGG2012644aE1aL1_S1_L004_R2_001.fastq.gz
CGG2013653	190313_A00706_0008_AHGT3LDSXX_4_TTP3_CGG2013653_E1_L1_S2_L004	CGG	ILLUMINA	PAIRED	CGG2013653	evan.irvingpease@gmail.com	data/source/cgg-afr/fastq/190313_A00706_0008_AHGT3LDSXX_4/Modern_Africans/Modern_Africans/TTP3aCGG2013653aE1aL1_S2_L004_R1_001.fastq.gz	data/source/cgg-afr/fastq/190313_A00706_0008_AHGT3LDSXX_4/Modern_Africans/Modern_Africans/TTP3aCGG2013653aE1aL1_S2_L004_R2_001.fastq.gz
CGG2013654	190313_A00706_0008_AHGT3LDSXX_4_TTP3_CGG2013654_E1_L1_S3_L004	CGG	ILLUMINA	PAIRED	CGG2013654	evan.irvingpease@gmail.com	data/source/cgg-afr/fastq/190313_A00706_0008_AHGT3LDSXX_4/Modern_Africans/Modern_Africans/TTP3aCGG2013654aE1aL1_S3_L004_R1_001.fastq.gz	data/source/cgg-afr/fastq/190313_A00706_0008_AHGT3LDSXX_4/Modern_Africans/Modern_Africans/TTP3aCGG2013654aE1aL1_S3_L004_R2_001.fastq.gz
CGG2013657	190313_A00706_0008_AHGT3LDSXX_4_TTP3_CGG2013657_E1_L1_S4_L004	CGG	ILLUMINA	PAIRED	CGG2013657	evan.irvingpease@gmail.com	data/source/cgg-afr/fastq/190313_A00706_0008_AHGT3LDSXX_4/Modern_Africans/Modern_Africans/TTP3aCGG2013657aE1aL1_S4_L004_R1_001.fastq.gz	data/source/cgg-afr/fastq/190313_A00706_0008_AHGT3LDSXX_4/Modern_Africans/Modern_Africans/TTP3aCGG2013657aE1aL1_S4_L004_R2_001.fastq.gz
CGG2014113	190313_A00706_0008_AHGT3LDSXX_4_TTP3_CGG2014113_E1_L1_S5_L004	CGG	ILLUMINA	PAIRED	CGG2014113	evan.irvingpease@gmail.com	data/source/cgg-afr/fastq/190313_A00706_0008_AHGT3LDSXX_4/Modern_Africans/Modern_Africans/TTP3aCGG2014113aE1aL1_S5_L004_R1_001.fastq.gz	data/source/cgg-afr/fastq/190313_A00706_0008_AHGT3LDSXX_4/Modern_Africans/Modern_Africans/TTP3aCGG2014113aE1aL1_S5_L004_R2_001.fastq.gz
CGG2014115	190313_A00706_0008_AHGT3LDSXX_4_TTP3_CGG2014115_E1_L1_S6_L004	CGG	ILLUMINA	PAIRED	CGG2014115	evan.irvingpease@gmail.com	data/source/cgg-afr/fastq/190313_A00706_0008_AHGT3LDSXX_4/Modern_Africans/Modern_Africans/TTP3aCGG2014115aE1aL1_S6_L004_R1_001.fastq.gz	data/source/cgg-afr/fastq/190313_A00706_0008_AHGT3LDSXX_4/Modern_Africans/Modern_Africans/TTP3aCGG2014115aE1aL1_S6_L004_R2_001.fastq.gz
CGG2014119	190313_A00706_0008_AHGT3LDSXX_4_TTP3_CGG2014119_E1_L1_S7_L004	CGG	ILLUMINA	PAIRED	CGG2014119	evan.irvingpease@gmail.com	data/source/cgg-afr/fastq/190313_A00706_0008_AHGT3LDSXX_4/Modern_Africans/Modern_Africans/TTP3aCGG2014119aE1aL1_S7_L004_R1_001.fastq.gz	data/source/cgg-afr/fastq/190313_A00706_0008_AHGT3LDSXX_4/Modern_Africans/Modern_Africans/TTP3aCGG2014119aE1aL1_S7_L004_R2_001.fastq.gz
CGG2014127	190313_A00706_0008_AHGT3LDSXX_4_TTP3_CGG2014127_E1_L1_S8_L004	CGG	ILLUMINA	PAIRED	CGG2014127	evan.irvingpease@gmail.com	data/source/cgg-afr/fastq/190313_A00706_0008_AHGT3LDSXX_4/Modern_Africans/Modern_Africans/TTP3aCGG2014127aE1aL1_S8_L004_R1_001.fastq.gz	data/source/cgg-afr/fastq/190313_A00706_0008_AHGT3LDSXX_4/Modern_Africans/Modern_Africans/TTP3aCGG2014127aE1aL1_S8_L004_R2_001.fastq.gz
CGG2014133	190313_A00706_0008_AHGT3LDSXX_4_TTP3_CGG2014133_E1_L1_S10_L004	CGG	ILLUMINA	PAIRED	CGG2014133	evan.irvingpease@gmail.com	data/source/cgg-afr/fastq/190313_A00706_0008_AHGT3LDSXX_4/Modern_Africans/Modern_Africans/TTP3aCGG2014133aE1aL1_S10_L004_R1_001.fastq.gz	data/source/cgg-afr/fastq/190313_A00706_0008_AHGT3LDSXX_4/Modern_Africans/Modern_Africans/TTP3aCGG2014133aE1aL1_S10_L004_R2_001.fastq.gz
CGG2014141	190313_A00706_0008_AHGT3LDSXX_4_TTP3_CGG2014141_E1_L1_S11_L004	CGG	ILLUMINA	PAIRED	CGG2014141	evan.irvingpease@gmail.com	data/source/cgg-afr/fastq/190313_A00706_0008_AHGT3LDSXX_4/Modern_Africans/Modern_Africans/TTP3aCGG2014141aE1aL1_S11_L004_R1_001.fastq.gz	data/source/cgg-afr/fastq/190313_A00706_0008_AHGT3LDSXX_4/Modern_Africans/Modern_Africans/TTP3aCGG2014141aE1aL1_S11_L004_R2_001.fastq.gz
CGG2014153	190313_A00706_0008_AHGT3LDSXX_4_TTP3_CGG2014153_E1_L1_S12_L004	CGG	ILLUMINA	PAIRED	CGG2014153	evan.irvingpease@gmail.com	data/source/cgg-afr/fastq/190313_A00706_0008_AHGT3LDSXX_4/Modern_Africans/Modern_Africans/TTP3aCGG2014153aE1aL1_S12_L004_R1_001.fastq.gz	data/source/cgg-afr/fastq/190313_A00706_0008_AHGT3LDSXX_4/Modern_Africans/Modern_Africans/TTP3aCGG2014153aE1aL1_S12_L004_R2_001.fastq.gz
CGG2014156	190313_A00706_0008_AHGT3LDSXX_4_TTP3_CGG2014156_E1_L1_S13_L004	CGG	ILLUMINA	PAIRED	CGG2014156	evan.irvingpease@gmail.com	data/source/cgg-afr/fastq/190313_A00706_0008_AHGT3LDSXX_4/Modern_Africans/Modern_Africans/TTP3aCGG2014156aE1aL1_S13_L004_R1_001.fastq.gz	data/source/cgg-afr/fastq/190313_A00706_0008_AHGT3LDSXX_4/Modern_Africans/Modern_Africans/TTP3aCGG2014156aE1aL1_S13_L004_R2_001.fastq.gz
CGG2014159	190313_A00706_0008_AHGT3LDSXX_4_TTP3_CGG2014159_E1_L1_S14_L004	CGG	ILLUMINA	PAIRED	CGG2014159	evan.irvingpease@gmail.com	data/source/cgg-afr/fastq/190313_A00706_0008_AHGT3LDSXX_4/Modern_Africans/Modern_Africans/TTP3aCGG2014159aE1aL1_S14_L004_R1_001.fastq.gz	data/source/cgg-afr/fastq/190313_A00706_0008_AHGT3LDSXX_4/Modern_Africans/Modern_Africans/TTP3aCGG2014159aE1aL1_S14_L004_R2_001.fastq.gz
CGG2014160	190313_A00706_0008_AHGT3LDSXX_4_TTP3_CGG2014160_E1_L1_S15_L004	CGG	ILLUMINA	PAIRED	CGG2014160	evan.irvingpease@gmail.com	data/source/cgg-afr/fastq/190313_A00706_0008_AHGT3LDSXX_4/Modern_Africans/Modern_Africans/TTP3aCGG2014160aE1aL1_S15_L004_R1_001.fastq.gz	data/source/cgg-afr/fastq/190313_A00706_0008_AHGT3LDSXX_4/Modern_Africans/Modern_Africans/TTP3aCGG2014160aE1aL1_S15_L004_R2_001.fastq.gz
CGG2014211	190313_A00706_0008_AHGT3LDSXX_4_TTP3_CGG2014211_E1_L1_S16_L004	CGG	ILLUMINA	PAIRED	CGG2014211	evan.irvingpease@gmail.com	data/source/cgg-afr/fastq/190313_A00706_0008_AHGT3LDSXX_4/Modern_Africans/Modern_Africans/TTP3aCGG2014211aE1aL1_S16_L004_R1_001.fastq.gz	data/source/cgg-afr/fastq/190313_A00706_0008_AHGT3LDSXX_4/Modern_Africans/Modern_Africans/TTP3aCGG2014211aE1aL1_S16_L004_R2_001.fastq.gz
CGG2014216	190313_A00706_0008_AHGT3LDSXX_4_TTP3_CGG2014216_E1_L1_S17_L004	CGG	ILLUMINA	PAIRED	CGG2014216	evan.irvingpease@gmail.com	data/source/cgg-afr/fastq/190313_A00706_0008_AHGT3LDSXX_4/Modern_Africans/Modern_Africans/TTP3aCGG2014216aE1aL1_S17_L004_R1_001.fastq.gz	data/source/cgg-afr/fastq/190313_A00706_0008_AHGT3LDSXX_4/Modern_Africans/Modern_Africans/TTP3aCGG2014216aE1aL1_S17_L004_R2_001.fastq.gz
CGG2014226	190313_A00706_0008_AHGT3LDSXX_4_TTP3_CGG2014226_E1_L1_S18_L004	CGG	ILLUMINA	PAIRED	CGG2014226	evan.irvingpease@gmail.com	data/source/cgg-afr/fastq/190313_A00706_0008_AHGT3LDSXX_4/Modern_Africans/Modern_Africans/TTP3aCGG2014226aE1aL1_S18_L004_R1_001.fastq.gz	data/source/cgg-afr/fastq/190313_A00706_0008_AHGT3LDSXX_4/Modern_Africans/Modern_Africans/TTP3aCGG2014226aE1aL1_S18_L004_R2_001.fastq.gz
CGG2014233	190313_A00706_0008_AHGT3LDSXX_4_TTP3_CGG2014233_E1_L1_S19_L004	CGG	ILLUMINA	PAIRED	CGG2014233	evan.irvingpease@gmail.com	data/source/cgg-afr/fastq/190313_A00706_0008_AHGT3LDSXX_4/Modern_Africans/Modern_Africans/TTP3aCGG2014233aE1aL1_S19_L004_R1_001.fastq.gz	data/source/cgg-afr/fastq/190313_A00706_0008_AHGT3LDSXX_4/Modern_Africans/Modern_Africans/TTP3aCGG2014233aE1aL1_S19_L004_R2_001.fastq.gz
CGG2014236	190313_A00706_0008_AHGT3LDSXX_4_TTP3_CGG2014236_E1_L1_S20_L004	CGG	ILLUMINA	PAIRED	CGG2014236	evan.irvingpease@gmail.com	data/source/cgg-afr/fastq/190313_A00706_0008_AHGT3LDSXX_4/Modern_Africans/Modern_Africans/TTP3aCGG2014236aE1aL1_S20_L004_R1_001.fastq.gz	data/source/cgg-afr/fastq/190313_A00706_0008_AHGT3LDSXX_4/Modern_Africans/Modern_Africans/TTP3aCGG2014236aE1aL1_S20_L004_R2_001.fastq.gz
CGG2014304	190313_A00706_0008_AHGT3LDSXX_4_TTP3_CGG2014304_E1_L1_S21_L004	CGG	ILLUMINA	PAIRED	CGG2014304	evan.irvingpease@gmail.com	data/source/cgg-afr/fastq/190313_A00706_0008_AHGT3LDSXX_4/Modern_Africans/Modern_Africans/TTP3aCGG2014304aE1aL1_S21_L004_R1_001.fastq.gz	data/source/cgg-afr/fastq/190313_A00706_0008_AHGT3LDSXX_4/Modern_Africans/Modern_Africans/TTP3aCGG2014304aE1aL1_S21_L004_R2_001.fastq.gz
CGG2014305	190313_A00706_0008_AHGT3LDSXX_4_TTP3_CGG2014305_E1_L1_S22_L004	CGG	ILLUMINA	PAIRED	CGG2014305	evan.irvingpease@gmail.com	data/source/cgg-afr/fastq/190313_A00706_0008_AHGT3LDSXX_4/Modern_Africans/Modern_Africans/TTP3aCGG2014305aE1aL1_S22_L004_R1_001.fastq.gz	data/source/cgg-afr/fastq/190313_A00706_0008_AHGT3LDSXX_4/Modern_Africans/Modern_Africans/TTP3aCGG2014305aE1aL1_S22_L004_R2_001.fastq.gz
CGG2014308	190313_A00706_0008_AHGT3LDSXX_4_TTP3_CGG2014308_E1_L1_S23_L004	CGG	ILLUMINA	PAIRED	CGG2014308	evan.irvingpease@gmail.com	data/source/cgg-afr/fastq/190313_A00706_0008_AHGT3LDSXX_4/Modern_Africans/Modern_Africans/TTP3aCGG2014308aE1aL1_S23_L004_R1_001.fastq.gz	data/source/cgg-afr/fastq/190313_A00706_0008_AHGT3LDSXX_4/Modern_Africans/Modern_Africans/TTP3aCGG2014308aE1aL1_S23_L004_R2_001.fastq.gz
CGG2014313	190313_A00706_0008_AHGT3LDSXX_4_TTP3_CGG2014313_E1_L1_S24_L004	CGG	ILLUMINA	PAIRED	CGG2014313	evan.irvingpease@gmail.com	data/source/cgg-afr/fastq/190313_A00706_0008_AHGT3LDSXX_4/Modern_Africans/Modern_Africans/TTP3aCGG2014313aE1aL1_S24_L004_R1_001.fastq.gz	data/source/cgg-afr/fastq/190313_A00706_0008_AHGT3LDSXX_4/Modern_Africans/Modern_Africans/TTP3aCGG2014313aE1aL1_S24_L004_R2_001.fastq.gz
CGG2014319	190313_A00706_0008_AHGT3LDSXX_4_TTP3_CGG2014319_E1_L1_S25_L004	CGG	ILLUMINA	PAIRED	CGG2014319	evan.irvingpease@gmail.com	data/source/cgg-afr/fastq/190313_A00706_0008_AHGT3LDSXX_4/Modern_Africans/Modern_Africans/TTP3aCGG2014319aE1aL1_S25_L004_R1_001.fastq.gz	data/source/cgg-afr/fastq/190313_A00706_0008_AHGT3LDSXX_4/Modern_Africans/Modern_Africans/TTP3aCGG2014319aE1aL1_S25_L004_R2_001.fastq.gz
CGG2012300	190313_A00706_0008_AHGT3LDSXX_L1_L2_HR3H_CGG2012300_E1_L1_S1_L001	CGG	ILLUMINA	PAIRED	CGG2012300	evan.irvingpease@gmail.com	data/source/cgg-afr/fastq/190313_A00706_0008_AHGT3LDSXX_L1_L2/HR3HaCGG2012300aE1aL1_S1_L001_R1_001.fastq.gz	data/source/cgg-afr/fastq/190313_A00706_0008_AHGT3LDSXX_L1_L2/HR3HaCGG2012300aE1aL1_S1_L001_R2_001.fastq.gz
CGG2012300	190313_A00706_0008_AHGT3LDSXX_L1_L2_HR3H_CGG2012300_E1_L1_S1_L002	CGG	ILLUMINA	PAIRED	CGG2012300	evan.irvingpease@gmail.com	data/source/cgg-afr/fastq/190313_A00706_0008_AHGT3LDSXX_L1_L2/HR3HaCGG2012300aE1aL1_S1_L002_R1_001.fastq.gz	data/source/cgg-afr/fastq/190313_A00706_0008_AHGT3LDSXX_L1_L2/HR3HaCGG2012300aE1aL1_S1_L002_R2_001.fastq.gz
CGG2012301	190313_A00706_0008_AHGT3LDSXX_L1_L2_HR3H_CGG2012301_E1_L1_S2_L001	CGG	ILLUMINA	PAIRED	CGG2012301	evan.irvingpease@gmail.com	data/source/cgg-afr/fastq/190313_A00706_0008_AHGT3LDSXX_L1_L2/HR3HaCGG2012301aE1aL1_S2_L001_R1_001.fastq.gz	data/source/cgg-afr/fastq/190313_A00706_0008_AHGT3LDSXX_L1_L2/HR3HaCGG2012301aE1aL1_S2_L001_R2_001.fastq.gz
CGG2012301	190313_A00706_0008_AHGT3LDSXX_L1_L2_HR3H_CGG2012301_E1_L1_S2_L002	CGG	ILLUMINA	PAIRED	CGG2012301	evan.irvingpease@gmail.com	data/source/cgg-afr/fastq/190313_A00706_0008_AHGT3LDSXX_L1_L2/HR3HaCGG2012301aE1aL1_S2_L002_R1_001.fastq.gz	data/source/cgg-afr/fastq/190313_A00706_0008_AHGT3LDSXX_L1_L2/HR3HaCGG2012301aE1aL1_S2_L002_R2_001.fastq.gz
CGG2012305	190313_A00706_0008_AHGT3LDSXX_L1_L2_HR3H_CGG2012305_E1_L1_S3_L001	CGG	ILLUMINA	PAIRED	CGG2012305	evan.irvingpease@gmail.com	data/source/cgg-afr/fastq/190313_A00706_0008_AHGT3LDSXX_L1_L2/HR3HaCGG2012305aE1aL1_S3_L001_R1_001.fastq.gz	data/source/cgg-afr/fastq/190313_A00706_0008_AHGT3LDSXX_L1_L2/HR3HaCGG2012305aE1aL1_S3_L001_R2_001.fastq.gz
CGG2012305	190313_A00706_0008_AHGT3LDSXX_L1_L2_HR3H_CGG2012305_E1_L1_S3_L002	CGG	ILLUMINA	PAIRED	CGG2012305	evan.irvingpease@gmail.com	data/source/cgg-afr/fastq/190313_A00706_0008_AHGT3LDSXX_L1_L2/HR3HaCGG2012305aE1aL1_S3_L002_R1_001.fastq.gz	data/source/cgg-afr/fastq/190313_A00706_0008_AHGT3LDSXX_L1_L2/HR3HaCGG2012305aE1aL1_S3_L002_R2_001.fastq.gz
CGG2012316	190313_A00706_0008_AHGT3LDSXX_L1_L2_HR3H_CGG2012316_E1_L1_S4_L001	CGG	ILLUMINA	PAIRED	CGG2012316	evan.irvingpease@gmail.com	data/source/cgg-afr/fastq/190313_A00706_0008_AHGT3LDSXX_L1_L2/HR3HaCGG2012316aE1aL1_S4_L001_R1_001.fastq.gz	data/source/cgg-afr/fastq/190313_A00706_0008_AHGT3LDSXX_L1_L2/HR3HaCGG2012316aE1aL1_S4_L001_R2_001.fastq.gz
CGG2012316	190313_A00706_0008_AHGT3LDSXX_L1_L2_HR3H_CGG2012316_E1_L1_S4_L002	CGG	ILLUMINA	PAIRED	CGG2012316	evan.irvingpease@gmail.com	data/source/cgg-afr/fastq/190313_A00706_0008_AHGT3LDSXX_L1_L2/HR3HaCGG2012316aE1aL1_S4_L002_R1_001.fastq.gz	data/source/cgg-afr/fastq/190313_A00706_0008_AHGT3LDSXX_L1_L2/HR3HaCGG2012316aE1aL1_S4_L002_R2_001.fastq.gz
CGG2012333	190313_A00706_0008_AHGT3LDSXX_L1_L2_HR3H_CGG2012333_E1_L1_S5_L001	CGG	ILLUMINA	PAIRED	CGG2012333	evan.irvingpease@gmail.com	data/source/cgg-afr/fastq/190313_A00706_0008_AHGT3LDSXX_L1_L2/HR3HaCGG2012333aE1aL1_S5_L001_R1_001.fastq.gz	data/source/cgg-afr/fastq/190313_A00706_0008_AHGT3LDSXX_L1_L2/HR3HaCGG2012333aE1aL1_S5_L001_R2_001.fastq.gz
CGG2012333	190313_A00706_0008_AHGT3LDSXX_L1_L2_HR3H_CGG2012333_E1_L1_S5_L002	CGG	ILLUMINA	PAIRED	CGG2012333	evan.irvingpease@gmail.com	data/source/cgg-afr/fastq/190313_A00706_0008_AHGT3LDSXX_L1_L2/HR3HaCGG2012333aE1aL1_S5_L002_R1_001.fastq.gz	data/source/cgg-afr/fastq/190313_A00706_0008_AHGT3LDSXX_L1_L2/HR3HaCGG2012333aE1aL1_S5_L002_R2_001.fastq.gz
CGG2012406	190313_A00706_0008_AHGT3LDSXX_L1_L2_HR3H_CGG2012406_E1_L1_S6_L001	CGG	ILLUMINA	PAIRED	CGG2012406	evan.irvingpease@gmail.com	data/source/cgg-afr/fastq/190313_A00706_0008_AHGT3LDSXX_L1_L2/HR3HaCGG2012406aE1aL1_S6_L001_R1_001.fastq.gz	data/source/cgg-afr/fastq/190313_A00706_0008_AHGT3LDSXX_L1_L2/HR3HaCGG2012406aE1aL1_S6_L001_R2_001.fastq.gz
CGG2012406	190313_A00706_0008_AHGT3LDSXX_L1_L2_HR3H_CGG2012406_E1_L1_S6_L002	CGG	ILLUMINA	PAIRED	CGG2012406	evan.irvingpease@gmail.com	data/source/cgg-afr/fastq/190313_A00706_0008_AHGT3LDSXX_L1_L2/HR3HaCGG2012406aE1aL1_S6_L002_R1_001.fastq.gz	data/source/cgg-afr/fastq/190313_A00706_0008_AHGT3LDSXX_L1_L2/HR3HaCGG2012406aE1aL1_S6_L002_R2_001.fastq.gz
CGG2012408	190313_A00706_0008_AHGT3LDSXX_L1_L2_HR3H_CGG2012408_E1_L1_S7_L001	CGG	ILLUMINA	PAIRED	CGG2012408	evan.irvingpease@gmail.com	data/source/cgg-afr/fastq/190313_A00706_0008_AHGT3LDSXX_L1_L2/HR3HaCGG2012408aE1aL1_S7_L001_R1_001.fastq.gz	data/source/cgg-afr/fastq/190313_A00706_0008_AHGT3LDSXX_L1_L2/HR3HaCGG2012408aE1aL1_S7_L001_R2_001.fastq.gz
CGG2012408	190313_A00706_0008_AHGT3LDSXX_L1_L2_HR3H_CGG2012408_E1_L1_S7_L002	CGG	ILLUMINA	PAIRED	CGG2012408	evan.irvingpease@gmail.com	data/source/cgg-afr/fastq/190313_A00706_0008_AHGT3LDSXX_L1_L2/HR3HaCGG2012408aE1aL1_S7_L002_R1_001.fastq.gz	data/source/cgg-afr/fastq/190313_A00706_0008_AHGT3LDSXX_L1_L2/HR3HaCGG2012408aE1aL1_S7_L002_R2_001.fastq.gz
CGG2012409	190313_A00706_0008_AHGT3LDSXX_L1_L2_HR3H_CGG2012409_E1_L1_S8_L001	CGG	ILLUMINA	PAIRED	CGG2012409	evan.irvingpease@gmail.com	data/source/cgg-afr/fastq/190313_A00706_0008_AHGT3LDSXX_L1_L2/HR3HaCGG2012409aE1aL1_S8_L001_R1_001.fastq.gz	data/source/cgg-afr/fastq/190313_A00706_0008_AHGT3LDSXX_L1_L2/HR3HaCGG2012409aE1aL1_S8_L001_R2_001.fastq.gz
CGG2012409	190313_A00706_0008_AHGT3LDSXX_L1_L2_HR3H_CGG2012409_E1_L1_S8_L002	CGG	ILLUMINA	PAIRED	CGG2012409	evan.irvingpease@gmail.com	data/source/cgg-afr/fastq/190313_A00706_0008_AHGT3LDSXX_L1_L2/HR3HaCGG2012409aE1aL1_S8_L002_R1_001.fastq.gz	data/source/cgg-afr/fastq/190313_A00706_0008_AHGT3LDSXX_L1_L2/HR3HaCGG2012409aE1aL1_S8_L002_R2_001.fastq.gz
CGG2012411	190313_A00706_0008_AHGT3LDSXX_L1_L2_HR3H_CGG2012411_E1_L1_S9_L001	CGG	ILLUMINA	PAIRED	CGG2012411	evan.irvingpease@gmail.com	data/source/cgg-afr/fastq/190313_A00706_0008_AHGT3LDSXX_L1_L2/HR3HaCGG2012411aE1aL1_S9_L001_R1_001.fastq.gz	data/source/cgg-afr/fastq/190313_A00706_0008_AHGT3LDSXX_L1_L2/HR3HaCGG2012411aE1aL1_S9_L001_R2_001.fastq.gz
CGG2012411	190313_A00706_0008_AHGT3LDSXX_L1_L2_HR3H_CGG2012411_E1_L1_S9_L002	CGG	ILLUMINA	PAIRED	CGG2012411	evan.irvingpease@gmail.com	data/source/cgg-afr/fastq/190313_A00706_0008_AHGT3LDSXX_L1_L2/HR3HaCGG2012411aE1aL1_S9_L002_R1_001.fastq.gz	data/source/cgg-afr/fastq/190313_A00706_0008_AHGT3LDSXX_L1_L2/HR3HaCGG2012411aE1aL1_S9_L002_R2_001.fastq.gz
CGG2012412	190313_A00706_0008_AHGT3LDSXX_L1_L2_HR3H_CGG2012412_E1_L1_S10_L001	CGG	ILLUMINA	PAIRED	CGG2012412	evan.irvingpease@gmail.com	data/source/cgg-afr/fastq/190313_A00706_0008_AHGT3LDSXX_L1_L2/HR3HaCGG2012412aE1aL1_S10_L001_R1_001.fastq.gz	data/source/cgg-afr/fastq/190313_A00706_0008_AHGT3LDSXX_L1_L2/HR3HaCGG2012412aE1aL1_S10_L001_R2_001.fastq.gz
CGG2012412	190313_A00706_0008_AHGT3LDSXX_L1_L2_HR3H_CGG2012412_E1_L1_S10_L002	CGG	ILLUMINA	PAIRED	CGG2012412	evan.irvingpease@gmail.com	data/source/cgg-afr/fastq/190313_A00706_0008_AHGT3LDSXX_L1_L2/HR3HaCGG2012412aE1aL1_S10_L002_R1_001.fastq.gz	data/source/cgg-afr/fastq/190313_A00706_0008_AHGT3LDSXX_L1_L2/HR3HaCGG2012412aE1aL1_S10_L002_R2_001.fastq.gz
CGG2012514	190313_A00706_0008_AHGT3LDSXX_L1_L2_HR3H_CGG2012514_E1_L1_S11_L001	CGG	ILLUMINA	PAIRED	CGG2012514	evan.irvingpease@gmail.com	data/source/cgg-afr/fastq/190313_A00706_0008_AHGT3LDSXX_L1_L2/HR3HaCGG2012514aE1aL1_S11_L001_R1_001.fastq.gz	data/source/cgg-afr/fastq/190313_A00706_0008_AHGT3LDSXX_L1_L2/HR3HaCGG2012514aE1aL1_S11_L001_R2_001.fastq.gz
CGG2012514	190313_A00706_0008_AHGT3LDSXX_L1_L2_HR3H_CGG2012514_E1_L1_S11_L002	CGG	ILLUMINA	PAIRED	CGG2012514	evan.irvingpease@gmail.com	data/source/cgg-afr/fastq/190313_A00706_0008_AHGT3LDSXX_L1_L2/HR3HaCGG2012514aE1aL1_S11_L002_R1_001.fastq.gz	data/source/cgg-afr/fastq/190313_A00706_0008_AHGT3LDSXX_L1_L2/HR3HaCGG2012514aE1aL1_S11_L002_R2_001.fastq.gz
CGG2012520	190313_A00706_0008_AHGT3LDSXX_L1_L2_HR3H_CGG2012520_E1_L1_S12_L001	CGG	ILLUMINA	PAIRED	CGG2012520	evan.irvingpease@gmail.com	data/source/cgg-afr/fastq/190313_A00706_0008_AHGT3LDSXX_L1_L2/HR3HaCGG2012520aE1aL1_S12_L001_R1_001.fastq.gz	data/source/cgg-afr/fastq/190313_A00706_0008_AHGT3LDSXX_L1_L2/HR3HaCGG2012520aE1aL1_S12_L001_R2_001.fastq.gz
CGG2012520	190313_A00706_0008_AHGT3LDSXX_L1_L2_HR3H_CGG2012520_E1_L1_S12_L002	CGG	ILLUMINA	PAIRED	CGG2012520	evan.irvingpease@gmail.com	data/source/cgg-afr/fastq/190313_A00706_0008_AHGT3LDSXX_L1_L2/HR3HaCGG2012520aE1aL1_S12_L002_R1_001.fastq.gz	data/source/cgg-afr/fastq/190313_A00706_0008_AHGT3LDSXX_L1_L2/HR3HaCGG2012520aE1aL1_S12_L002_R2_001.fastq.gz
CGG2012529	190313_A00706_0008_AHGT3LDSXX_L1_L2_HR3H_CGG2012529_E1_L1_S13_L001	CGG	ILLUMINA	PAIRED	CGG2012529	evan.irvingpease@gmail.com	data/source/cgg-afr/fastq/190313_A00706_0008_AHGT3LDSXX_L1_L2/HR3HaCGG2012529aE1aL1_S13_L001_R1_001.fastq.gz	data/source/cgg-afr/fastq/190313_A00706_0008_AHGT3LDSXX_L1_L2/HR3HaCGG2012529aE1aL1_S13_L001_R2_001.fastq.gz
CGG2012529	190313_A00706_0008_AHGT3LDSXX_L1_L2_HR3H_CGG2012529_E1_L1_S13_L002	CGG	ILLUMINA	PAIRED	CGG2012529	evan.irvingpease@gmail.com	data/source/cgg-afr/fastq/190313_A00706_0008_AHGT3LDSXX_L1_L2/HR3HaCGG2012529aE1aL1_S13_L002_R1_001.fastq.gz	data/source/cgg-afr/fastq/190313_A00706_0008_AHGT3LDSXX_L1_L2/HR3HaCGG2012529aE1aL1_S13_L002_R2_001.fastq.gz
CGG2012538	190313_A00706_0008_AHGT3LDSXX_L1_L2_HR3H_CGG2012538_E1_L1_S14_L001	CGG	ILLUMINA	PAIRED	CGG2012538	evan.irvingpease@gmail.com	data/source/cgg-afr/fastq/190313_A00706_0008_AHGT3LDSXX_L1_L2/HR3HaCGG2012538aE1aL1_S14_L001_R1_001.fastq.gz	data/source/cgg-afr/fastq/190313_A00706_0008_AHGT3LDSXX_L1_L2/HR3HaCGG2012538aE1aL1_S14_L001_R2_001.fastq.gz
CGG2012538	190313_A00706_0008_AHGT3LDSXX_L1_L2_HR3H_CGG2012538_E1_L1_S14_L002	CGG	ILLUMINA	PAIRED	CGG2012538	evan.irvingpease@gmail.com	data/source/cgg-afr/fastq/190313_A00706_0008_AHGT3LDSXX_L1_L2/HR3HaCGG2012538aE1aL1_S14_L002_R1_001.fastq.gz	data/source/cgg-afr/fastq/190313_A00706_0008_AHGT3LDSXX_L1_L2/HR3HaCGG2012538aE1aL1_S14_L002_R2_001.fastq.gz
CGG2012549	190313_A00706_0008_AHGT3LDSXX_L1_L2_HR3H_CGG2012549_E1_L1_S15_L001	CGG	ILLUMINA	PAIRED	CGG2012549	evan.irvingpease@gmail.com	data/source/cgg-afr/fastq/190313_A00706_0008_AHGT3LDSXX_L1_L2/HR3HaCGG2012549aE1aL1_S15_L001_R1_001.fastq.gz	data/source/cgg-afr/fastq/190313_A00706_0008_AHGT3LDSXX_L1_L2/HR3HaCGG2012549aE1aL1_S15_L001_R2_001.fastq.gz
CGG2012549	190313_A00706_0008_AHGT3LDSXX_L1_L2_HR3H_CGG2012549_E1_L1_S15_L002	CGG	ILLUMINA	PAIRED	CGG2012549	evan.irvingpease@gmail.com	data/source/cgg-afr/fastq/190313_A00706_0008_AHGT3LDSXX_L1_L2/HR3HaCGG2012549aE1aL1_S15_L002_R1_001.fastq.gz	data/source/cgg-afr/fastq/190313_A00706_0008_AHGT3LDSXX_L1_L2/HR3HaCGG2012549aE1aL1_S15_L002_R2_001.fastq.gz
CGG2012556	190313_A00706_0008_AHGT3LDSXX_L1_L2_HR3H_CGG2012556_E1_L1_S16_L001	CGG	ILLUMINA	PAIRED	CGG2012556	evan.irvingpease@gmail.com	data/source/cgg-afr/fastq/190313_A00706_0008_AHGT3LDSXX_L1_L2/HR3HaCGG2012556aE1aL1_S16_L001_R1_001.fastq.gz	data/source/cgg-afr/fastq/190313_A00706_0008_AHGT3LDSXX_L1_L2/HR3HaCGG2012556aE1aL1_S16_L001_R2_001.fastq.gz
CGG2012556	190313_A00706_0008_AHGT3LDSXX_L1_L2_HR3H_CGG2012556_E1_L1_S16_L002	CGG	ILLUMINA	PAIRED	CGG2012556	evan.irvingpease@gmail.com	data/source/cgg-afr/fastq/190313_A00706_0008_AHGT3LDSXX_L1_L2/HR3HaCGG2012556aE1aL1_S16_L002_R1_001.fastq.gz	data/source/cgg-afr/fastq/190313_A00706_0008_AHGT3LDSXX_L1_L2/HR3HaCGG2012556aE1aL1_S16_L002_R2_001.fastq.gz
CGG2012558	190313_A00706_0008_AHGT3LDSXX_L1_L2_HR3H_CGG2012558_E1_L1_S18_L001	CGG	ILLUMINA	PAIRED	CGG2012558	evan.irvingpease@gmail.com	data/source/cgg-afr/fastq/190313_A00706_0008_AHGT3LDSXX_L1_L2/HR3HaCGG2012558aE1aL1_S18_L001_R1_001.fastq.gz	data/source/cgg-afr/fastq/190313_A00706_0008_AHGT3LDSXX_L1_L2/HR3HaCGG2012558aE1aL1_S18_L001_R2_001.fastq.gz
CGG2012558	190313_A00706_0008_AHGT3LDSXX_L1_L2_HR3H_CGG2012558_E1_L1_S18_L002	CGG	ILLUMINA	PAIRED	CGG2012558	evan.irvingpease@gmail.com	data/source/cgg-afr/fastq/190313_A00706_0008_AHGT3LDSXX_L1_L2/HR3HaCGG2012558aE1aL1_S18_L002_R1_001.fastq.gz	data/source/cgg-afr/fastq/190313_A00706_0008_AHGT3LDSXX_L1_L2/HR3HaCGG2012558aE1aL1_S18_L002_R2_001.fastq.gz
CGG2012559	190313_A00706_0008_AHGT3LDSXX_L1_L2_HR3H_CGG2012559_E1_L1_S19_L001	CGG	ILLUMINA	PAIRED	CGG2012559	evan.irvingpease@gmail.com	data/source/cgg-afr/fastq/190313_A00706_0008_AHGT3LDSXX_L1_L2/HR3HaCGG2012559aE1aL1_S19_L001_R1_001.fastq.gz	data/source/cgg-afr/fastq/190313_A00706_0008_AHGT3LDSXX_L1_L2/HR3HaCGG2012559aE1aL1_S19_L001_R2_001.fastq.gz
CGG2012559	190313_A00706_0008_AHGT3LDSXX_L1_L2_HR3H_CGG2012559_E1_L1_S19_L002	CGG	ILLUMINA	PAIRED	CGG2012559	evan.irvingpease@gmail.com	data/source/cgg-afr/fastq/190313_A00706_0008_AHGT3LDSXX_L1_L2/HR3HaCGG2012559aE1aL1_S19_L002_R1_001.fastq.gz	data/source/cgg-afr/fastq/190313_A00706_0008_AHGT3LDSXX_L1_L2/HR3HaCGG2012559aE1aL1_S19_L002_R2_001.fastq.gz
CGG2012561	190313_A00706_0008_AHGT3LDSXX_L1_L2_HR3H_CGG2012561_E1_L1_S20_L001	CGG	ILLUMINA	PAIRED	CGG2012561	evan.irvingpease@gmail.com	data/source/cgg-afr/fastq/190313_A00706_0008_AHGT3LDSXX_L1_L2/HR3HaCGG2012561aE1aL1_S20_L001_R1_001.fastq.gz	data/source/cgg-afr/fastq/190313_A00706_0008_AHGT3LDSXX_L1_L2/HR3HaCGG2012561aE1aL1_S20_L001_R2_001.fastq.gz
CGG2012561	190313_A00706_0008_AHGT3LDSXX_L1_L2_HR3H_CGG2012561_E1_L1_S20_L002	CGG	ILLUMINA	PAIRED	CGG2012561	evan.irvingpease@gmail.com	data/source/cgg-afr/fastq/190313_A00706_0008_AHGT3LDSXX_L1_L2/HR3HaCGG2012561aE1aL1_S20_L002_R1_001.fastq.gz	data/source/cgg-afr/fastq/190313_A00706_0008_AHGT3LDSXX_L1_L2/HR3HaCGG2012561aE1aL1_S20_L002_R2_001.fastq.gz
CGG2012574	190313_A00706_0008_AHGT3LDSXX_L1_L2_HR3H_CGG2012574_E1_L1_S21_L001	CGG	ILLUMINA	PAIRED	CGG2012574	evan.irvingpease@gmail.com	data/source/cgg-afr/fastq/190313_A00706_0008_AHGT3LDSXX_L1_L2/HR3HaCGG2012574aE1aL1_S21_L001_R1_001.fastq.gz	data/source/cgg-afr/fastq/190313_A00706_0008_AHGT3LDSXX_L1_L2/HR3HaCGG2012574aE1aL1_S21_L001_R2_001.fastq.gz
CGG2012574	190313_A00706_0008_AHGT3LDSXX_L1_L2_HR3H_CGG2012574_E1_L1_S21_L002	CGG	ILLUMINA	PAIRED	CGG2012574	evan.irvingpease@gmail.com	data/source/cgg-afr/fastq/190313_A00706_0008_AHGT3LDSXX_L1_L2/HR3HaCGG2012574aE1aL1_S21_L002_R1_001.fastq.gz	data/source/cgg-afr/fastq/190313_A00706_0008_AHGT3LDSXX_L1_L2/HR3HaCGG2012574aE1aL1_S21_L002_R2_001.fastq.gz
CGG2012624	190313_A00706_0008_AHGT3LDSXX_L1_L2_HR3H_CGG2012624_E1_L1_S22_L001	CGG	ILLUMINA	PAIRED	CGG2012624	evan.irvingpease@gmail.com	data/source/cgg-afr/fastq/190313_A00706_0008_AHGT3LDSXX_L1_L2/HR3HaCGG2012624aE1aL1_S22_L001_R1_001.fastq.gz	data/source/cgg-afr/fastq/190313_A00706_0008_AHGT3LDSXX_L1_L2/HR3HaCGG2012624aE1aL1_S22_L001_R2_001.fastq.gz
CGG2012624	190313_A00706_0008_AHGT3LDSXX_L1_L2_HR3H_CGG2012624_E1_L1_S22_L002	CGG	ILLUMINA	PAIRED	CGG2012624	evan.irvingpease@gmail.com	data/source/cgg-afr/fastq/190313_A00706_0008_AHGT3LDSXX_L1_L2/HR3HaCGG2012624aE1aL1_S22_L002_R1_001.fastq.gz	data/source/cgg-afr/fastq/190313_A00706_0008_AHGT3LDSXX_L1_L2/HR3HaCGG2012624aE1aL1_S22_L002_R2_001.fastq.gz
CGG2012633	190313_A00706_0008_AHGT3LDSXX_L1_L2_HR3H_CGG2012633_E1_L1_S23_L001	CGG	ILLUMINA	PAIRED	CGG2012633	evan.irvingpease@gmail.com	data/source/cgg-afr/fastq/190313_A00706_0008_AHGT3LDSXX_L1_L2/HR3HaCGG2012633aE1aL1_S23_L001_R1_001.fastq.gz	data/source/cgg-afr/fastq/190313_A00706_0008_AHGT3LDSXX_L1_L2/HR3HaCGG2012633aE1aL1_S23_L001_R2_001.fastq.gz
CGG2012633	190313_A00706_0008_AHGT3LDSXX_L1_L2_HR3H_CGG2012633_E1_L1_S23_L002	CGG	ILLUMINA	PAIRED	CGG2012633	evan.irvingpease@gmail.com	data/source/cgg-afr/fastq/190313_A00706_0008_AHGT3LDSXX_L1_L2/HR3HaCGG2012633aE1aL1_S23_L002_R1_001.fastq.gz	data/source/cgg-afr/fastq/190313_A00706_0008_AHGT3LDSXX_L1_L2/HR3HaCGG2012633aE1aL1_S23_L002_R2_001.fastq.gz
CGG2012641	190313_A00706_0008_AHGT3LDSXX_L1_L2_HR3H_CGG2012641_E1_L1_S24_L001	CGG	ILLUMINA	PAIRED	CGG2012641	evan.irvingpease@gmail.com	data/source/cgg-afr/fastq/190313_A00706_0008_AHGT3LDSXX_L1_L2/HR3HaCGG2012641aE1aL1_S24_L001_R1_001.fastq.gz	data/source/cgg-afr/fastq/190313_A00706_0008_AHGT3LDSXX_L1_L2/HR3HaCGG2012641aE1aL1_S24_L001_R2_001.fastq.gz
CGG2012641	190313_A00706_0008_AHGT3LDSXX_L1_L2_HR3H_CGG2012641_E1_L1_S24_L002	CGG	ILLUMINA	PAIRED	CGG2012641	evan.irvingpease@gmail.com	data/source/cgg-afr/fastq/190313_A00706_0008_AHGT3LDSXX_L1_L2/HR3HaCGG2012641aE1aL1_S24_L002_R1_001.fastq.gz	data/source/cgg-afr/fastq/190313_A00706_0008_AHGT3LDSXX_L1_L2/HR3HaCGG2012641aE1aL1_S24_L002_R2_001.fastq.gz
CGG2012643	190313_A00706_0008_AHGT3LDSXX_L1_L2_HR3H_CGG2012643_E1_L1_S25_L001	CGG	ILLUMINA	PAIRED	CGG2012643	evan.irvingpease@gmail.com	data/source/cgg-afr/fastq/190313_A00706_0008_AHGT3LDSXX_L1_L2/HR3HaCGG2012643aE1aL1_S25_L001_R1_001.fastq.gz	data/source/cgg-afr/fastq/190313_A00706_0008_AHGT3LDSXX_L1_L2/HR3HaCGG2012643aE1aL1_S25_L001_R2_001.fastq.gz
CGG2012643	190313_A00706_0008_AHGT3LDSXX_L1_L2_HR3H_CGG2012643_E1_L1_S25_L002	CGG	ILLUMINA	PAIRED	CGG2012643	evan.irvingpease@gmail.com	data/source/cgg-afr/fastq/190313_A00706_0008_AHGT3LDSXX_L1_L2/HR3HaCGG2012643aE1aL1_S25_L002_R1_001.fastq.gz	data/source/cgg-afr/fastq/190313_A00706_0008_AHGT3LDSXX_L1_L2/HR3HaCGG2012643aE1aL1_S25_L002_R2_001.fastq.gz
CGG2012644	190313_A00706_0008_AHGT3LDSXX_L3_TTP3_CGG2012644_E1_L1_S1_L003	CGG	ILLUMINA	PAIRED	CGG2012644	evan.irvingpease@gmail.com	data/source/cgg-afr/fastq/190313_A00706_0008_AHGT3LDSXX_L3/Modern_Africans/Modern_Africans/TTP3aCGG2012644aE1aL1_S1_L003_R1_001.fastq.gz	data/source/cgg-afr/fastq/190313_A00706_0008_AHGT3LDSXX_L3/Modern_Africans/Modern_Africans/TTP3aCGG2012644aE1aL1_S1_L003_R2_001.fastq.gz
CGG2013653	190313_A00706_0008_AHGT3LDSXX_L3_TTP3_CGG2013653_E1_L1_S2_L003	CGG	ILLUMINA	PAIRED	CGG2013653	evan.irvingpease@gmail.com	data/source/cgg-afr/fastq/190313_A00706_0008_AHGT3LDSXX_L3/Modern_Africans/Modern_Africans/TTP3aCGG2013653aE1aL1_S2_L003_R1_001.fastq.gz	data/source/cgg-afr/fastq/190313_A00706_0008_AHGT3LDSXX_L3/Modern_Africans/Modern_Africans/TTP3aCGG2013653aE1aL1_S2_L003_R2_001.fastq.gz
CGG2013654	190313_A00706_0008_AHGT3LDSXX_L3_TTP3_CGG2013654_E1_L1_S3_L003	CGG	ILLUMINA	PAIRED	CGG2013654	evan.irvingpease@gmail.com	data/source/cgg-afr/fastq/190313_A00706_0008_AHGT3LDSXX_L3/Modern_Africans/Modern_Africans/TTP3aCGG2013654aE1aL1_S3_L003_R1_001.fastq.gz	data/source/cgg-afr/fastq/190313_A00706_0008_AHGT3LDSXX_L3/Modern_Africans/Modern_Africans/TTP3aCGG2013654aE1aL1_S3_L003_R2_001.fastq.gz
CGG2013657	190313_A00706_0008_AHGT3LDSXX_L3_TTP3_CGG2013657_E1_L1_S4_L003	CGG	ILLUMINA	PAIRED	CGG2013657	evan.irvingpease@gmail.com	data/source/cgg-afr/fastq/190313_A00706_0008_AHGT3LDSXX_L3/Modern_Africans/Modern_Africans/TTP3aCGG2013657aE1aL1_S4_L003_R1_001.fastq.gz	data/source/cgg-afr/fastq/190313_A00706_0008_AHGT3LDSXX_L3/Modern_Africans/Modern_Africans/TTP3aCGG2013657aE1aL1_S4_L003_R2_001.fastq.gz
CGG2014113	190313_A00706_0008_AHGT3LDSXX_L3_TTP3_CGG2014113_E1_L1_S5_L003	CGG	ILLUMINA	PAIRED	CGG2014113	evan.irvingpease@gmail.com	data/source/cgg-afr/fastq/190313_A00706_0008_AHGT3LDSXX_L3/Modern_Africans/Modern_Africans/TTP3aCGG2014113aE1aL1_S5_L003_R1_001.fastq.gz	data/source/cgg-afr/fastq/190313_A00706_0008_AHGT3LDSXX_L3/Modern_Africans/Modern_Africans/TTP3aCGG2014113aE1aL1_S5_L003_R2_001.fastq.gz
CGG2014115	190313_A00706_0008_AHGT3LDSXX_L3_TTP3_CGG2014115_E1_L1_S6_L003	CGG	ILLUMINA	PAIRED	CGG2014115	evan.irvingpease@gmail.com	data/source/cgg-afr/fastq/190313_A00706_0008_AHGT3LDSXX_L3/Modern_Africans/Modern_Africans/TTP3aCGG2014115aE1aL1_S6_L003_R1_001.fastq.gz	data/source/cgg-afr/fastq/190313_A00706_0008_AHGT3LDSXX_L3/Modern_Africans/Modern_Africans/TTP3aCGG2014115aE1aL1_S6_L003_R2_001.fastq.gz
CGG2014119	190313_A00706_0008_AHGT3LDSXX_L3_TTP3_CGG2014119_E1_L1_S7_L003	CGG	ILLUMINA	PAIRED	CGG2014119	evan.irvingpease@gmail.com	data/source/cgg-afr/fastq/190313_A00706_0008_AHGT3LDSXX_L3/Modern_Africans/Modern_Africans/TTP3aCGG2014119aE1aL1_S7_L003_R1_001.fastq.gz	data/source/cgg-afr/fastq/190313_A00706_0008_AHGT3LDSXX_L3/Modern_Africans/Modern_Africans/TTP3aCGG2014119aE1aL1_S7_L003_R2_001.fastq.gz
CGG2014127	190313_A00706_0008_AHGT3LDSXX_L3_TTP3_CGG2014127_E1_L1_S8_L003	CGG	ILLUMINA	PAIRED	CGG2014127	evan.irvingpease@gmail.com	data/source/cgg-afr/fastq/190313_A00706_0008_AHGT3LDSXX_L3/Modern_Africans/Modern_Africans/TTP3aCGG2014127aE1aL1_S8_L003_R1_001.fastq.gz	data/source/cgg-afr/fastq/190313_A00706_0008_AHGT3LDSXX_L3/Modern_Africans/Modern_Africans/TTP3aCGG2014127aE1aL1_S8_L003_R2_001.fastq.gz
CGG2014133	190313_A00706_0008_AHGT3LDSXX_L3_TTP3_CGG2014133_E1_L1_S10_L003	CGG	ILLUMINA	PAIRED	CGG2014133	evan.irvingpease@gmail.com	data/source/cgg-afr/fastq/190313_A00706_0008_AHGT3LDSXX_L3/Modern_Africans/Modern_Africans/TTP3aCGG2014133aE1aL1_S10_L003_R1_001.fastq.gz	data/source/cgg-afr/fastq/190313_A00706_0008_AHGT3LDSXX_L3/Modern_Africans/Modern_Africans/TTP3aCGG2014133aE1aL1_S10_L003_R2_001.fastq.gz
CGG2014141	190313_A00706_0008_AHGT3LDSXX_L3_TTP3_CGG2014141_E1_L1_S11_L003	CGG	ILLUMINA	PAIRED	CGG2014141	evan.irvingpease@gmail.com	data/source/cgg-afr/fastq/190313_A00706_0008_AHGT3LDSXX_L3/Modern_Africans/Modern_Africans/TTP3aCGG2014141aE1aL1_S11_L003_R1_001.fastq.gz	data/source/cgg-afr/fastq/190313_A00706_0008_AHGT3LDSXX_L3/Modern_Africans/Modern_Africans/TTP3aCGG2014141aE1aL1_S11_L003_R2_001.fastq.gz
CGG2014153	190313_A00706_0008_AHGT3LDSXX_L3_TTP3_CGG2014153_E1_L1_S12_L003	CGG	ILLUMINA	PAIRED	CGG2014153	evan.irvingpease@gmail.com	data/source/cgg-afr/fastq/190313_A00706_0008_AHGT3LDSXX_L3/Modern_Africans/Modern_Africans/TTP3aCGG2014153aE1aL1_S12_L003_R1_001.fastq.gz	data/source/cgg-afr/fastq/190313_A00706_0008_AHGT3LDSXX_L3/Modern_Africans/Modern_Africans/TTP3aCGG2014153aE1aL1_S12_L003_R2_001.fastq.gz
CGG2014156	190313_A00706_0008_AHGT3LDSXX_L3_TTP3_CGG2014156_E1_L1_S13_L003	CGG	ILLUMINA	PAIRED	CGG2014156	evan.irvingpease@gmail.com	data/source/cgg-afr/fastq/190313_A00706_0008_AHGT3LDSXX_L3/Modern_Africans/Modern_Africans/TTP3aCGG2014156aE1aL1_S13_L003_R1_001.fastq.gz	data/source/cgg-afr/fastq/190313_A00706_0008_AHGT3LDSXX_L3/Modern_Africans/Modern_Africans/TTP3aCGG2014156aE1aL1_S13_L003_R2_001.fastq.gz
CGG2014159	190313_A00706_0008_AHGT3LDSXX_L3_TTP3_CGG2014159_E1_L1_S14_L003	CGG	ILLUMINA	PAIRED	CGG2014159	evan.irvingpease@gmail.com	data/source/cgg-afr/fastq/190313_A00706_0008_AHGT3LDSXX_L3/Modern_Africans/Modern_Africans/TTP3aCGG2014159aE1aL1_S14_L003_R1_001.fastq.gz	data/source/cgg-afr/fastq/190313_A00706_0008_AHGT3LDSXX_L3/Modern_Africans/Modern_Africans/TTP3aCGG2014159aE1aL1_S14_L003_R2_001.fastq.gz
CGG2014160	190313_A00706_0008_AHGT3LDSXX_L3_TTP3_CGG2014160_E1_L1_S15_L003	CGG	ILLUMINA	PAIRED	CGG2014160	evan.irvingpease@gmail.com	data/source/cgg-afr/fastq/190313_A00706_0008_AHGT3LDSXX_L3/Modern_Africans/Modern_Africans/TTP3aCGG2014160aE1aL1_S15_L003_R1_001.fastq.gz	data/source/cgg-afr/fastq/190313_A00706_0008_AHGT3LDSXX_L3/Modern_Africans/Modern_Africans/TTP3aCGG2014160aE1aL1_S15_L003_R2_001.fastq.gz
CGG2014211	190313_A00706_0008_AHGT3LDSXX_L3_TTP3_CGG2014211_E1_L1_S16_L003	CGG	ILLUMINA	PAIRED	CGG2014211	evan.irvingpease@gmail.com	data/source/cgg-afr/fastq/190313_A00706_0008_AHGT3LDSXX_L3/Modern_Africans/Modern_Africans/TTP3aCGG2014211aE1aL1_S16_L003_R1_001.fastq.gz	data/source/cgg-afr/fastq/190313_A00706_0008_AHGT3LDSXX_L3/Modern_Africans/Modern_Africans/TTP3aCGG2014211aE1aL1_S16_L003_R2_001.fastq.gz
CGG2014216	190313_A00706_0008_AHGT3LDSXX_L3_TTP3_CGG2014216_E1_L1_S17_L003	CGG	ILLUMINA	PAIRED	CGG2014216	evan.irvingpease@gmail.com	data/source/cgg-afr/fastq/190313_A00706_0008_AHGT3LDSXX_L3/Modern_Africans/Modern_Africans/TTP3aCGG2014216aE1aL1_S17_L003_R1_001.fastq.gz	data/source/cgg-afr/fastq/190313_A00706_0008_AHGT3LDSXX_L3/Modern_Africans/Modern_Africans/TTP3aCGG2014216aE1aL1_S17_L003_R2_001.fastq.gz
CGG2014226	190313_A00706_0008_AHGT3LDSXX_L3_TTP3_CGG2014226_E1_L1_S18_L003	CGG	ILLUMINA	PAIRED	CGG2014226	evan.irvingpease@gmail.com	data/source/cgg-afr/fastq/190313_A00706_0008_AHGT3LDSXX_L3/Modern_Africans/Modern_Africans/TTP3aCGG2014226aE1aL1_S18_L003_R1_001.fastq.gz	data/source/cgg-afr/fastq/190313_A00706_0008_AHGT3LDSXX_L3/Modern_Africans/Modern_Africans/TTP3aCGG2014226aE1aL1_S18_L003_R2_001.fastq.gz
CGG2014233	190313_A00706_0008_AHGT3LDSXX_L3_TTP3_CGG2014233_E1_L1_S19_L003	CGG	ILLUMINA	PAIRED	CGG2014233	evan.irvingpease@gmail.com	data/source/cgg-afr/fastq/190313_A00706_0008_AHGT3LDSXX_L3/Modern_Africans/Modern_Africans/TTP3aCGG2014233aE1aL1_S19_L003_R1_001.fastq.gz	data/source/cgg-afr/fastq/190313_A00706_0008_AHGT3LDSXX_L3/Modern_Africans/Modern_Africans/TTP3aCGG2014233aE1aL1_S19_L003_R2_001.fastq.gz
CGG2014236	190313_A00706_0008_AHGT3LDSXX_L3_TTP3_CGG2014236_E1_L1_S20_L003	CGG	ILLUMINA	PAIRED	CGG2014236	evan.irvingpease@gmail.com	data/source/cgg-afr/fastq/190313_A00706_0008_AHGT3LDSXX_L3/Modern_Africans/Modern_Africans/TTP3aCGG2014236aE1aL1_S20_L003_R1_001.fastq.gz	data/source/cgg-afr/fastq/190313_A00706_0008_AHGT3LDSXX_L3/Modern_Africans/Modern_Africans/TTP3aCGG2014236aE1aL1_S20_L003_R2_001.fastq.gz
CGG2014304	190313_A00706_0008_AHGT3LDSXX_L3_TTP3_CGG2014304_E1_L1_S21_L003	CGG	ILLUMINA	PAIRED	CGG2014304	evan.irvingpease@gmail.com	data/source/cgg-afr/fastq/190313_A00706_0008_AHGT3LDSXX_L3/Modern_Africans/Modern_Africans/TTP3aCGG2014304aE1aL1_S21_L003_R1_001.fastq.gz	data/source/cgg-afr/fastq/190313_A00706_0008_AHGT3LDSXX_L3/Modern_Africans/Modern_Africans/TTP3aCGG2014304aE1aL1_S21_L003_R2_001.fastq.gz
CGG2014305	190313_A00706_0008_AHGT3LDSXX_L3_TTP3_CGG2014305_E1_L1_S22_L003	CGG	ILLUMINA	PAIRED	CGG2014305	evan.irvingpease@gmail.com	data/source/cgg-afr/fastq/190313_A00706_0008_AHGT3LDSXX_L3/Modern_Africans/Modern_Africans/TTP3aCGG2014305aE1aL1_S22_L003_R1_001.fastq.gz	data/source/cgg-afr/fastq/190313_A00706_0008_AHGT3LDSXX_L3/Modern_Africans/Modern_Africans/TTP3aCGG2014305aE1aL1_S22_L003_R2_001.fastq.gz
CGG2014308	190313_A00706_0008_AHGT3LDSXX_L3_TTP3_CGG2014308_E1_L1_S23_L003	CGG	ILLUMINA	PAIRED	CGG2014308	evan.irvingpease@gmail.com	data/source/cgg-afr/fastq/190313_A00706_0008_AHGT3LDSXX_L3/Modern_Africans/Modern_Africans/TTP3aCGG2014308aE1aL1_S23_L003_R1_001.fastq.gz	data/source/cgg-afr/fastq/190313_A00706_0008_AHGT3LDSXX_L3/Modern_Africans/Modern_Africans/TTP3aCGG2014308aE1aL1_S23_L003_R2_001.fastq.gz
CGG2014313	190313_A00706_0008_AHGT3LDSXX_L3_TTP3_CGG2014313_E1_L1_S24_L003	CGG	ILLUMINA	PAIRED	CGG2014313	evan.irvingpease@gmail.com	data/source/cgg-afr/fastq/190313_A00706_0008_AHGT3LDSXX_L3/Modern_Africans/Modern_Africans/TTP3aCGG2014313aE1aL1_S24_L003_R1_001.fastq.gz	data/source/cgg-afr/fastq/190313_A00706_0008_AHGT3LDSXX_L3/Modern_Africans/Modern_Africans/TTP3aCGG2014313aE1aL1_S24_L003_R2_001.fastq.gz
CGG2014319	190313_A00706_0008_AHGT3LDSXX_L3_TTP3_CGG2014319_E1_L1_S25_L003	CGG	ILLUMINA	PAIRED	CGG2014319	evan.irvingpease@gmail.com	data/source/cgg-afr/fastq/190313_A00706_0008_AHGT3LDSXX_L3/Modern_Africans/Modern_Africans/TTP3aCGG2014319aE1aL1_S25_L003_R1_001.fastq.gz	data/source/cgg-afr/fastq/190313_A00706_0008_AHGT3LDSXX_L3/Modern_Africans/Modern_Africans/TTP3aCGG2014319aE1aL1_S25_L003_R2_001.fastq.gz
CGG2012300	190409_A00706_0010_AHGNFYDSXX_ESW_3LCP_CGG2012300_E1_L1_S26_L003	CGG	ILLUMINA	PAIRED	CGG2012300	evan.irvingpease@gmail.com	data/source/cgg-afr/fastq/190409_A00706_0010_AHGNFYDSXX/Modern_Africans/ESW_3LCP_CGG2012300_E1_L1_S26_L003_R1_001.fastq.gz	data/source/cgg-afr/fastq/190409_A00706_0010_AHGNFYDSXX/Modern_Africans/ESW_3LCP_CGG2012300_E1_L1_S26_L003_R2_001.fastq.gz
CGG2012301	190409_A00706_0010_AHGNFYDSXX_ESW_3LCP_CGG2012301_E1_L1_S27_L003	CGG	ILLUMINA	PAIRED	CGG2012301	evan.irvingpease@gmail.com	data/source/cgg-afr/fastq/190409_A00706_0010_AHGNFYDSXX/Modern_Africans/ESW_3LCP_CGG2012301_E1_L1_S27_L003_R1_001.fastq.gz	data/source/cgg-afr/fastq/190409_A00706_0010_AHGNFYDSXX/Modern_Africans/ESW_3LCP_CGG2012301_E1_L1_S27_L003_R2_001.fastq.gz
CGG2012305	190409_A00706_0010_AHGNFYDSXX_ESW_3LCP_CGG2012305_E1_L1_S28_L003	CGG	ILLUMINA	PAIRED	CGG2012305	evan.irvingpease@gmail.com	data/source/cgg-afr/fastq/190409_A00706_0010_AHGNFYDSXX/Modern_Africans/ESW_3LCP_CGG2012305_E1_L1_S28_L003_R1_001.fastq.gz	data/source/cgg-afr/fastq/190409_A00706_0010_AHGNFYDSXX/Modern_Africans/ESW_3LCP_CGG2012305_E1_L1_S28_L003_R2_001.fastq.gz
CGG2012316	190409_A00706_0010_AHGNFYDSXX_ESW_3LCP_CGG2012316_E1_L1_S29_L003	CGG	ILLUMINA	PAIRED	CGG2012316	evan.irvingpease@gmail.com	data/source/cgg-afr/fastq/190409_A00706_0010_AHGNFYDSXX/Modern_Africans/ESW_3LCP_CGG2012316_E1_L1_S29_L003_R1_001.fastq.gz	data/source/cgg-afr/fastq/190409_A00706_0010_AHGNFYDSXX/Modern_Africans/ESW_3LCP_CGG2012316_E1_L1_S29_L003_R2_001.fastq.gz
CGG2012333	190409_A00706_0010_AHGNFYDSXX_ESW_3LCP_CGG2012333_E1_L1_S30_L003	CGG	ILLUMINA	PAIRED	CGG2012333	evan.irvingpease@gmail.com	data/source/cgg-afr/fastq/190409_A00706_0010_AHGNFYDSXX/Modern_Africans/ESW_3LCP_CGG2012333_E1_L1_S30_L003_R1_001.fastq.gz	data/source/cgg-afr/fastq/190409_A00706_0010_AHGNFYDSXX/Modern_Africans/ESW_3LCP_CGG2012333_E1_L1_S30_L003_R2_001.fastq.gz
CGG2012406	190409_A00706_0010_AHGNFYDSXX_ESW_3LCP_CGG2012406_E1_L1_S31_L003	CGG	ILLUMINA	PAIRED	CGG2012406	evan.irvingpease@gmail.com	data/source/cgg-afr/fastq/190409_A00706_0010_AHGNFYDSXX/Modern_Africans/ESW_3LCP_CGG2012406_E1_L1_S31_L003_R1_001.fastq.gz	data/source/cgg-afr/fastq/190409_A00706_0010_AHGNFYDSXX/Modern_Africans/ESW_3LCP_CGG2012406_E1_L1_S31_L003_R2_001.fastq.gz
CGG2012408	190409_A00706_0010_AHGNFYDSXX_ESW_3LCP_CGG2012408_E1_L1_S32_L003	CGG	ILLUMINA	PAIRED	CGG2012408	evan.irvingpease@gmail.com	data/source/cgg-afr/fastq/190409_A00706_0010_AHGNFYDSXX/Modern_Africans/ESW_3LCP_CGG2012408_E1_L1_S32_L003_R1_001.fastq.gz	data/source/cgg-afr/fastq/190409_A00706_0010_AHGNFYDSXX/Modern_Africans/ESW_3LCP_CGG2012408_E1_L1_S32_L003_R2_001.fastq.gz
CGG2012409	190409_A00706_0010_AHGNFYDSXX_ESW_3LCP_CGG2012409_E1_L1_S33_L003	CGG	ILLUMINA	PAIRED	CGG2012409	evan.irvingpease@gmail.com	data/source/cgg-afr/fastq/190409_A00706_0010_AHGNFYDSXX/Modern_Africans/ESW_3LCP_CGG2012409_E1_L1_S33_L003_R1_001.fastq.gz	data/source/cgg-afr/fastq/190409_A00706_0010_AHGNFYDSXX/Modern_Africans/ESW_3LCP_CGG2012409_E1_L1_S33_L003_R2_001.fastq.gz
CGG2012411	190409_A00706_0010_AHGNFYDSXX_ESW_3LCP_CGG2012411_E1_L1_S34_L003	CGG	ILLUMINA	PAIRED	CGG2012411	evan.irvingpease@gmail.com	data/source/cgg-afr/fastq/190409_A00706_0010_AHGNFYDSXX/Modern_Africans/ESW_3LCP_CGG2012411_E1_L1_S34_L003_R1_001.fastq.gz	data/source/cgg-afr/fastq/190409_A00706_0010_AHGNFYDSXX/Modern_Africans/ESW_3LCP_CGG2012411_E1_L1_S34_L003_R2_001.fastq.gz
CGG2012412	190409_A00706_0010_AHGNFYDSXX_ESW_3LCP_CGG2012412_E1_L1_S35_L003	CGG	ILLUMINA	PAIRED	CGG2012412	evan.irvingpease@gmail.com	data/source/cgg-afr/fastq/190409_A00706_0010_AHGNFYDSXX/Modern_Africans/ESW_3LCP_CGG2012412_E1_L1_S35_L003_R1_001.fastq.gz	data/source/cgg-afr/fastq/190409_A00706_0010_AHGNFYDSXX/Modern_Africans/ESW_3LCP_CGG2012412_E1_L1_S35_L003_R2_001.fastq.gz
CGG2012514	190409_A00706_0010_AHGNFYDSXX_ESW_3LCP_CGG2012514_E1_L1_S36_L003	CGG	ILLUMINA	PAIRED	CGG2012514	evan.irvingpease@gmail.com	data/source/cgg-afr/fastq/190409_A00706_0010_AHGNFYDSXX/Modern_Africans/ESW_3LCP_CGG2012514_E1_L1_S36_L003_R1_001.fastq.gz	data/source/cgg-afr/fastq/190409_A00706_0010_AHGNFYDSXX/Modern_Africans/ESW_3LCP_CGG2012514_E1_L1_S36_L003_R2_001.fastq.gz
CGG2012520	190409_A00706_0010_AHGNFYDSXX_ESW_3LCP_CGG2012520_E1_L1_S37_L003	CGG	ILLUMINA	PAIRED	CGG2012520	evan.irvingpease@gmail.com	data/source/cgg-afr/fastq/190409_A00706_0010_AHGNFYDSXX/Modern_Africans/ESW_3LCP_CGG2012520_E1_L1_S37_L003_R1_001.fastq.gz	data/source/cgg-afr/fastq/190409_A00706_0010_AHGNFYDSXX/Modern_Africans/ESW_3LCP_CGG2012520_E1_L1_S37_L003_R2_001.fastq.gz
CGG2012529	190409_A00706_0010_AHGNFYDSXX_ESW_3LCP_CGG2012529_E1_L1_S38_L003	CGG	ILLUMINA	PAIRED	CGG2012529	evan.irvingpease@gmail.com	data/source/cgg-afr/fastq/190409_A00706_0010_AHGNFYDSXX/Modern_Africans/ESW_3LCP_CGG2012529_E1_L1_S38_L003_R1_001.fastq.gz	data/source/cgg-afr/fastq/190409_A00706_0010_AHGNFYDSXX/Modern_Africans/ESW_3LCP_CGG2012529_E1_L1_S38_L003_R2_001.fastq.gz
CGG2012538	190409_A00706_0010_AHGNFYDSXX_ESW_3LCP_CGG2012538_E1_L1_S39_L003	CGG	ILLUMINA	PAIRED	CGG2012538	evan.irvingpease@gmail.com	data/source/cgg-afr/fastq/190409_A00706_0010_AHGNFYDSXX/Modern_Africans/ESW_3LCP_CGG2012538_E1_L1_S39_L003_R1_001.fastq.gz	data/source/cgg-afr/fastq/190409_A00706_0010_AHGNFYDSXX/Modern_Africans/ESW_3LCP_CGG2012538_E1_L1_S39_L003_R2_001.fastq.gz
CGG2012549	190409_A00706_0010_AHGNFYDSXX_ESW_3LCP_CGG2012549_E1_L1_S40_L003	CGG	ILLUMINA	PAIRED	CGG2012549	evan.irvingpease@gmail.com	data/source/cgg-afr/fastq/190409_A00706_0010_AHGNFYDSXX/Modern_Africans/ESW_3LCP_CGG2012549_E1_L1_S40_L003_R1_001.fastq.gz	data/source/cgg-afr/fastq/190409_A00706_0010_AHGNFYDSXX/Modern_Africans/ESW_3LCP_CGG2012549_E1_L1_S40_L003_R2_001.fastq.gz
CGG2012556	190409_A00706_0010_AHGNFYDSXX_ESW_3LCP_CGG2012556_E1_L1_S41_L003	CGG	ILLUMINA	PAIRED	CGG2012556	evan.irvingpease@gmail.com	data/source/cgg-afr/fastq/190409_A00706_0010_AHGNFYDSXX/Modern_Africans/ESW_3LCP_CGG2012556_E1_L1_S41_L003_R1_001.fastq.gz	data/source/cgg-afr/fastq/190409_A00706_0010_AHGNFYDSXX/Modern_Africans/ESW_3LCP_CGG2012556_E1_L1_S41_L003_R2_001.fastq.gz
CGG2012558	190409_A00706_0010_AHGNFYDSXX_ESW_3LCP_CGG2012558_E1_L1_S43_L003	CGG	ILLUMINA	PAIRED	CGG2012558	evan.irvingpease@gmail.com	data/source/cgg-afr/fastq/190409_A00706_0010_AHGNFYDSXX/Modern_Africans/ESW_3LCP_CGG2012558_E1_L1_S43_L003_R1_001.fastq.gz	data/source/cgg-afr/fastq/190409_A00706_0010_AHGNFYDSXX/Modern_Africans/ESW_3LCP_CGG2012558_E1_L1_S43_L003_R2_001.fastq.gz
CGG2012559	190409_A00706_0010_AHGNFYDSXX_ESW_3LCP_CGG2012559_E1_L1_S44_L003	CGG	ILLUMINA	PAIRED	CGG2012559	evan.irvingpease@gmail.com	data/source/cgg-afr/fastq/190409_A00706_0010_AHGNFYDSXX/Modern_Africans/ESW_3LCP_CGG2012559_E1_L1_S44_L003_R1_001.fastq.gz	data/source/cgg-afr/fastq/190409_A00706_0010_AHGNFYDSXX/Modern_Africans/ESW_3LCP_CGG2012559_E1_L1_S44_L003_R2_001.fastq.gz
CGG2012561	190409_A00706_0010_AHGNFYDSXX_ESW_3LCP_CGG2012561_E1_L1_S45_L003	CGG	ILLUMINA	PAIRED	CGG2012561	evan.irvingpease@gmail.com	data/source/cgg-afr/fastq/190409_A00706_0010_AHGNFYDSXX/Modern_Africans/ESW_3LCP_CGG2012561_E1_L1_S45_L003_R1_001.fastq.gz	data/source/cgg-afr/fastq/190409_A00706_0010_AHGNFYDSXX/Modern_Africans/ESW_3LCP_CGG2012561_E1_L1_S45_L003_R2_001.fastq.gz
CGG2012574	190409_A00706_0010_AHGNFYDSXX_ESW_3LCP_CGG2012574_E1_L1_S46_L003	CGG	ILLUMINA	PAIRED	CGG2012574	evan.irvingpease@gmail.com	data/source/cgg-afr/fastq/190409_A00706_0010_AHGNFYDSXX/Modern_Africans/ESW_3LCP_CGG2012574_E1_L1_S46_L003_R1_001.fastq.gz	data/source/cgg-afr/fastq/190409_A00706_0010_AHGNFYDSXX/Modern_Africans/ESW_3LCP_CGG2012574_E1_L1_S46_L003_R2_001.fastq.gz
CGG2012624	190409_A00706_0010_AHGNFYDSXX_ESW_3LCP_CGG2012624_E1_L1_S47_L003	CGG	ILLUMINA	PAIRED	CGG2012624	evan.irvingpease@gmail.com	data/source/cgg-afr/fastq/190409_A00706_0010_AHGNFYDSXX/Modern_Africans/ESW_3LCP_CGG2012624_E1_L1_S47_L003_R1_001.fastq.gz	data/source/cgg-afr/fastq/190409_A00706_0010_AHGNFYDSXX/Modern_Africans/ESW_3LCP_CGG2012624_E1_L1_S47_L003_R2_001.fastq.gz
CGG2012633	190409_A00706_0010_AHGNFYDSXX_ESW_3LCP_CGG2012633_E1_L1_S48_L003	CGG	ILLUMINA	PAIRED	CGG2012633	evan.irvingpease@gmail.com	data/source/cgg-afr/fastq/190409_A00706_0010_AHGNFYDSXX/Modern_Africans/ESW_3LCP_CGG2012633_E1_L1_S48_L003_R1_001.fastq.gz	data/source/cgg-afr/fastq/190409_A00706_0010_AHGNFYDSXX/Modern_Africans/ESW_3LCP_CGG2012633_E1_L1_S48_L003_R2_001.fastq.gz
CGG2012641	190409_A00706_0010_AHGNFYDSXX_ESW_3LCP_CGG2012641_E1_L1_S49_L003	CGG	ILLUMINA	PAIRED	CGG2012641	evan.irvingpease@gmail.com	data/source/cgg-afr/fastq/190409_A00706_0010_AHGNFYDSXX/Modern_Africans/ESW_3LCP_CGG2012641_E1_L1_S49_L003_R1_001.fastq.gz	data/source/cgg-afr/fastq/190409_A00706_0010_AHGNFYDSXX/Modern_Africans/ESW_3LCP_CGG2012641_E1_L1_S49_L003_R2_001.fastq.gz
CGG2012643	190409_A00706_0010_AHGNFYDSXX_ESW_3LCP_CGG2012643_E1_L1_S50_L003	CGG	ILLUMINA	PAIRED	CGG2012643	evan.irvingpease@gmail.com	data/source/cgg-afr/fastq/190409_A00706_0010_AHGNFYDSXX/Modern_Africans/ESW_3LCP_CGG2012643_E1_L1_S50_L003_R1_001.fastq.gz	data/source/cgg-afr/fastq/190409_A00706_0010_AHGNFYDSXX/Modern_Africans/ESW_3LCP_CGG2012643_E1_L1_S50_L003_R2_001.fastq.gz
CGG2012644	190409_A00706_0010_AHGNFYDSXX_ESW_KAQL_CGG2012644_E1_L1_S1_L001	CGG	ILLUMINA	PAIRED	CGG2012644	evan.irvingpease@gmail.com	data/source/cgg-afr/fastq/190409_A00706_0010_AHGNFYDSXX/Modern_Africans/ESW_KAQL_CGG2012644_E1_L1_S1_L001_R1_001.fastq.gz	data/source/cgg-afr/fastq/190409_A00706_0010_AHGNFYDSXX/Modern_Africans/ESW_KAQL_CGG2012644_E1_L1_S1_L001_R2_001.fastq.gz
CGG2012644	190409_A00706_0010_AHGNFYDSXX_ESW_KAQL_CGG2012644_E1_L1_S1_L002	CGG	ILLUMINA	PAIRED	CGG2012644	evan.irvingpease@gmail.com	data/source/cgg-afr/fastq/190409_A00706_0010_AHGNFYDSXX/Modern_Africans/ESW_KAQL_CGG2012644_E1_L1_S1_L002_R1_001.fastq.gz	data/source/cgg-afr/fastq/190409_A00706_0010_AHGNFYDSXX/Modern_Africans/ESW_KAQL_CGG2012644_E1_L1_S1_L002_R2_001.fastq.gz
CGG2013653	190409_A00706_0010_AHGNFYDSXX_ESW_KAQL_CGG2013653_E1_L1_S2_L001	CGG	ILLUMINA	PAIRED	CGG2013653	evan.irvingpease@gmail.com	data/source/cgg-afr/fastq/190409_A00706_0010_AHGNFYDSXX/Modern_Africans/ESW_KAQL_CGG2013653_E1_L1_S2_L001_R1_001.fastq.gz	data/source/cgg-afr/fastq/190409_A00706_0010_AHGNFYDSXX/Modern_Africans/ESW_KAQL_CGG2013653_E1_L1_S2_L001_R2_001.fastq.gz
CGG2013653	190409_A00706_0010_AHGNFYDSXX_ESW_KAQL_CGG2013653_E1_L1_S2_L002	CGG	ILLUMINA	PAIRED	CGG2013653	evan.irvingpease@gmail.com	data/source/cgg-afr/fastq/190409_A00706_0010_AHGNFYDSXX/Modern_Africans/ESW_KAQL_CGG2013653_E1_L1_S2_L002_R1_001.fastq.gz	data/source/cgg-afr/fastq/190409_A00706_0010_AHGNFYDSXX/Modern_Africans/ESW_KAQL_CGG2013653_E1_L1_S2_L002_R2_001.fastq.gz
CGG2013654	190409_A00706_0010_AHGNFYDSXX_ESW_KAQL_CGG2013654_E1_L1_S3_L001	CGG	ILLUMINA	PAIRED	CGG2013654	evan.irvingpease@gmail.com	data/source/cgg-afr/fastq/190409_A00706_0010_AHGNFYDSXX/Modern_Africans/ESW_KAQL_CGG2013654_E1_L1_S3_L001_R1_001.fastq.gz	data/source/cgg-afr/fastq/190409_A00706_0010_AHGNFYDSXX/Modern_Africans/ESW_KAQL_CGG2013654_E1_L1_S3_L001_R2_001.fastq.gz
CGG2013654	190409_A00706_0010_AHGNFYDSXX_ESW_KAQL_CGG2013654_E1_L1_S3_L002	CGG	ILLUMINA	PAIRED	CGG2013654	evan.irvingpease@gmail.com	data/source/cgg-afr/fastq/190409_A00706_0010_AHGNFYDSXX/Modern_Africans/ESW_KAQL_CGG2013654_E1_L1_S3_L002_R1_001.fastq.gz	data/source/cgg-afr/fastq/190409_A00706_0010_AHGNFYDSXX/Modern_Africans/ESW_KAQL_CGG2013654_E1_L1_S3_L002_R2_001.fastq.gz
CGG2013657	190409_A00706_0010_AHGNFYDSXX_ESW_KAQL_CGG2013657_E1_L1_S4_L001	CGG	ILLUMINA	PAIRED	CGG2013657	evan.irvingpease@gmail.com	data/source/cgg-afr/fastq/190409_A00706_0010_AHGNFYDSXX/Modern_Africans/ESW_KAQL_CGG2013657_E1_L1_S4_L001_R1_001.fastq.gz	data/source/cgg-afr/fastq/190409_A00706_0010_AHGNFYDSXX/Modern_Africans/ESW_KAQL_CGG2013657_E1_L1_S4_L001_R2_001.fastq.gz
CGG2013657	190409_A00706_0010_AHGNFYDSXX_ESW_KAQL_CGG2013657_E1_L1_S4_L002	CGG	ILLUMINA	PAIRED	CGG2013657	evan.irvingpease@gmail.com	data/source/cgg-afr/fastq/190409_A00706_0010_AHGNFYDSXX/Modern_Africans/ESW_KAQL_CGG2013657_E1_L1_S4_L002_R1_001.fastq.gz	data/source/cgg-afr/fastq/190409_A00706_0010_AHGNFYDSXX/Modern_Africans/ESW_KAQL_CGG2013657_E1_L1_S4_L002_R2_001.fastq.gz
CGG2014113	190409_A00706_0010_AHGNFYDSXX_ESW_KAQL_CGG2014113_E1_L1_S5_L001	CGG	ILLUMINA	PAIRED	CGG2014113	evan.irvingpease@gmail.com	data/source/cgg-afr/fastq/190409_A00706_0010_AHGNFYDSXX/Modern_Africans/ESW_KAQL_CGG2014113_E1_L1_S5_L001_R1_001.fastq.gz	data/source/cgg-afr/fastq/190409_A00706_0010_AHGNFYDSXX/Modern_Africans/ESW_KAQL_CGG2014113_E1_L1_S5_L001_R2_001.fastq.gz
CGG2014113	190409_A00706_0010_AHGNFYDSXX_ESW_KAQL_CGG2014113_E1_L1_S5_L002	CGG	ILLUMINA	PAIRED	CGG2014113	evan.irvingpease@gmail.com	data/source/cgg-afr/fastq/190409_A00706_0010_AHGNFYDSXX/Modern_Africans/ESW_KAQL_CGG2014113_E1_L1_S5_L002_R1_001.fastq.gz	data/source/cgg-afr/fastq/190409_A00706_0010_AHGNFYDSXX/Modern_Africans/ESW_KAQL_CGG2014113_E1_L1_S5_L002_R2_001.fastq.gz
CGG2014115	190409_A00706_0010_AHGNFYDSXX_ESW_KAQL_CGG2014115_E1_L1_S6_L001	CGG	ILLUMINA	PAIRED	CGG2014115	evan.irvingpease@gmail.com	data/source/cgg-afr/fastq/190409_A00706_0010_AHGNFYDSXX/Modern_Africans/ESW_KAQL_CGG2014115_E1_L1_S6_L001_R1_001.fastq.gz	data/source/cgg-afr/fastq/190409_A00706_0010_AHGNFYDSXX/Modern_Africans/ESW_KAQL_CGG2014115_E1_L1_S6_L001_R2_001.fastq.gz
CGG2014115	190409_A00706_0010_AHGNFYDSXX_ESW_KAQL_CGG2014115_E1_L1_S6_L002	CGG	ILLUMINA	PAIRED	CGG2014115	evan.irvingpease@gmail.com	data/source/cgg-afr/fastq/190409_A00706_0010_AHGNFYDSXX/Modern_Africans/ESW_KAQL_CGG2014115_E1_L1_S6_L002_R1_001.fastq.gz	data/source/cgg-afr/fastq/190409_A00706_0010_AHGNFYDSXX/Modern_Africans/ESW_KAQL_CGG2014115_E1_L1_S6_L002_R2_001.fastq.gz
CGG2014119	190409_A00706_0010_AHGNFYDSXX_ESW_KAQL_CGG2014119_E1_L1_S7_L001	CGG	ILLUMINA	PAIRED	CGG2014119	evan.irvingpease@gmail.com	data/source/cgg-afr/fastq/190409_A00706_0010_AHGNFYDSXX/Modern_Africans/ESW_KAQL_CGG2014119_E1_L1_S7_L001_R1_001.fastq.gz	data/source/cgg-afr/fastq/190409_A00706_0010_AHGNFYDSXX/Modern_Africans/ESW_KAQL_CGG2014119_E1_L1_S7_L001_R2_001.fastq.gz
CGG2014119	190409_A00706_0010_AHGNFYDSXX_ESW_KAQL_CGG2014119_E1_L1_S7_L002	CGG	ILLUMINA	PAIRED	CGG2014119	evan.irvingpease@gmail.com	data/source/cgg-afr/fastq/190409_A00706_0010_AHGNFYDSXX/Modern_Africans/ESW_KAQL_CGG2014119_E1_L1_S7_L002_R1_001.fastq.gz	data/source/cgg-afr/fastq/190409_A00706_0010_AHGNFYDSXX/Modern_Africans/ESW_KAQL_CGG2014119_E1_L1_S7_L002_R2_001.fastq.gz
CGG2014127	190409_A00706_0010_AHGNFYDSXX_ESW_KAQL_CGG2014127_E1_L1_S8_L001	CGG	ILLUMINA	PAIRED	CGG2014127	evan.irvingpease@gmail.com	data/source/cgg-afr/fastq/190409_A00706_0010_AHGNFYDSXX/Modern_Africans/ESW_KAQL_CGG2014127_E1_L1_S8_L001_R1_001.fastq.gz	data/source/cgg-afr/fastq/190409_A00706_0010_AHGNFYDSXX/Modern_Africans/ESW_KAQL_CGG2014127_E1_L1_S8_L001_R2_001.fastq.gz
CGG2014127	190409_A00706_0010_AHGNFYDSXX_ESW_KAQL_CGG2014127_E1_L1_S8_L002	CGG	ILLUMINA	PAIRED	CGG2014127	evan.irvingpease@gmail.com	data/source/cgg-afr/fastq/190409_A00706_0010_AHGNFYDSXX/Modern_Africans/ESW_KAQL_CGG2014127_E1_L1_S8_L002_R1_001.fastq.gz	data/source/cgg-afr/fastq/190409_A00706_0010_AHGNFYDSXX/Modern_Africans/ESW_KAQL_CGG2014127_E1_L1_S8_L002_R2_001.fastq.gz
CGG2014133	190409_A00706_0010_AHGNFYDSXX_ESW_KAQL_CGG2014133_E1_L1_S10_L001	CGG	ILLUMINA	PAIRED	CGG2014133	evan.irvingpease@gmail.com	data/source/cgg-afr/fastq/190409_A00706_0010_AHGNFYDSXX/Modern_Africans/ESW_KAQL_CGG2014133_E1_L1_S10_L001_R1_001.fastq.gz	data/source/cgg-afr/fastq/190409_A00706_0010_AHGNFYDSXX/Modern_Africans/ESW_KAQL_CGG2014133_E1_L1_S10_L001_R2_001.fastq.gz
CGG2014133	190409_A00706_0010_AHGNFYDSXX_ESW_KAQL_CGG2014133_E1_L1_S10_L002	CGG	ILLUMINA	PAIRED	CGG2014133	evan.irvingpease@gmail.com	data/source/cgg-afr/fastq/190409_A00706_0010_AHGNFYDSXX/Modern_Africans/ESW_KAQL_CGG2014133_E1_L1_S10_L002_R1_001.fastq.gz	data/source/cgg-afr/fastq/190409_A00706_0010_AHGNFYDSXX/Modern_Africans/ESW_KAQL_CGG2014133_E1_L1_S10_L002_R2_001.fastq.gz
CGG2014141	190409_A00706_0010_AHGNFYDSXX_ESW_KAQL_CGG2014141_E1_L1_S11_L001	CGG	ILLUMINA	PAIRED	CGG2014141	evan.irvingpease@gmail.com	data/source/cgg-afr/fastq/190409_A00706_0010_AHGNFYDSXX/Modern_Africans/ESW_KAQL_CGG2014141_E1_L1_S11_L001_R1_001.fastq.gz	data/source/cgg-afr/fastq/190409_A00706_0010_AHGNFYDSXX/Modern_Africans/ESW_KAQL_CGG2014141_E1_L1_S11_L001_R2_001.fastq.gz
CGG2014141	190409_A00706_0010_AHGNFYDSXX_ESW_KAQL_CGG2014141_E1_L1_S11_L002	CGG	ILLUMINA	PAIRED	CGG2014141	evan.irvingpease@gmail.com	data/source/cgg-afr/fastq/190409_A00706_0010_AHGNFYDSXX/Modern_Africans/ESW_KAQL_CGG2014141_E1_L1_S11_L002_R1_001.fastq.gz	data/source/cgg-afr/fastq/190409_A00706_0010_AHGNFYDSXX/Modern_Africans/ESW_KAQL_CGG2014141_E1_L1_S11_L002_R2_001.fastq.gz
CGG2014153	190409_A00706_0010_AHGNFYDSXX_ESW_KAQL_CGG2014153_E1_L1_S12_L001	CGG	ILLUMINA	PAIRED	CGG2014153	evan.irvingpease@gmail.com	data/source/cgg-afr/fastq/190409_A00706_0010_AHGNFYDSXX/Modern_Africans/ESW_KAQL_CGG2014153_E1_L1_S12_L001_R1_001.fastq.gz	data/source/cgg-afr/fastq/190409_A00706_0010_AHGNFYDSXX/Modern_Africans/ESW_KAQL_CGG2014153_E1_L1_S12_L001_R2_001.fastq.gz
CGG2014153	190409_A00706_0010_AHGNFYDSXX_ESW_KAQL_CGG2014153_E1_L1_S12_L002	CGG	ILLUMINA	PAIRED	CGG2014153	evan.irvingpease@gmail.com	data/source/cgg-afr/fastq/190409_A00706_0010_AHGNFYDSXX/Modern_Africans/ESW_KAQL_CGG2014153_E1_L1_S12_L002_R1_001.fastq.gz	data/source/cgg-afr/fastq/190409_A00706_0010_AHGNFYDSXX/Modern_Africans/ESW_KAQL_CGG2014153_E1_L1_S12_L002_R2_001.fastq.gz
CGG2014156	190409_A00706_0010_AHGNFYDSXX_ESW_KAQL_CGG2014156_E1_L1_S13_L001	CGG	ILLUMINA	PAIRED	CGG2014156	evan.irvingpease@gmail.com	data/source/cgg-afr/fastq/190409_A00706_0010_AHGNFYDSXX/Modern_Africans/ESW_KAQL_CGG2014156_E1_L1_S13_L001_R1_001.fastq.gz	data/source/cgg-afr/fastq/190409_A00706_0010_AHGNFYDSXX/Modern_Africans/ESW_KAQL_CGG2014156_E1_L1_S13_L001_R2_001.fastq.gz
CGG2014156	190409_A00706_0010_AHGNFYDSXX_ESW_KAQL_CGG2014156_E1_L1_S13_L002	CGG	ILLUMINA	PAIRED	CGG2014156	evan.irvingpease@gmail.com	data/source/cgg-afr/fastq/190409_A00706_0010_AHGNFYDSXX/Modern_Africans/ESW_KAQL_CGG2014156_E1_L1_S13_L002_R1_001.fastq.gz	data/source/cgg-afr/fastq/190409_A00706_0010_AHGNFYDSXX/Modern_Africans/ESW_KAQL_CGG2014156_E1_L1_S13_L002_R2_001.fastq.gz
CGG2014159	190409_A00706_0010_AHGNFYDSXX_ESW_KAQL_CGG2014159_E1_L1_S14_L001	CGG	ILLUMINA	PAIRED	CGG2014159	evan.irvingpease@gmail.com	data/source/cgg-afr/fastq/190409_A00706_0010_AHGNFYDSXX/Modern_Africans/ESW_KAQL_CGG2014159_E1_L1_S14_L001_R1_001.fastq.gz	data/source/cgg-afr/fastq/190409_A00706_0010_AHGNFYDSXX/Modern_Africans/ESW_KAQL_CGG2014159_E1_L1_S14_L001_R2_001.fastq.gz
CGG2014159	190409_A00706_0010_AHGNFYDSXX_ESW_KAQL_CGG2014159_E1_L1_S14_L002	CGG	ILLUMINA	PAIRED	CGG2014159	evan.irvingpease@gmail.com	data/source/cgg-afr/fastq/190409_A00706_0010_AHGNFYDSXX/Modern_Africans/ESW_KAQL_CGG2014159_E1_L1_S14_L002_R1_001.fastq.gz	data/source/cgg-afr/fastq/190409_A00706_0010_AHGNFYDSXX/Modern_Africans/ESW_KAQL_CGG2014159_E1_L1_S14_L002_R2_001.fastq.gz
CGG2014160	190409_A00706_0010_AHGNFYDSXX_ESW_KAQL_CGG2014160_E1_L1_S15_L001	CGG	ILLUMINA	PAIRED	CGG2014160	evan.irvingpease@gmail.com	data/source/cgg-afr/fastq/190409_A00706_0010_AHGNFYDSXX/Modern_Africans/ESW_KAQL_CGG2014160_E1_L1_S15_L001_R1_001.fastq.gz	data/source/cgg-afr/fastq/190409_A00706_0010_AHGNFYDSXX/Modern_Africans/ESW_KAQL_CGG2014160_E1_L1_S15_L001_R2_001.fastq.gz
CGG2014160	190409_A00706_0010_AHGNFYDSXX_ESW_KAQL_CGG2014160_E1_L1_S15_L002	CGG	ILLUMINA	PAIRED	CGG2014160	evan.irvingpease@gmail.com	data/source/cgg-afr/fastq/190409_A00706_0010_AHGNFYDSXX/Modern_Africans/ESW_KAQL_CGG2014160_E1_L1_S15_L002_R1_001.fastq.gz	data/source/cgg-afr/fastq/190409_A00706_0010_AHGNFYDSXX/Modern_Africans/ESW_KAQL_CGG2014160_E1_L1_S15_L002_R2_001.fastq.gz
CGG2014211	190409_A00706_0010_AHGNFYDSXX_ESW_KAQL_CGG2014211_E1_L1_S16_L001	CGG	ILLUMINA	PAIRED	CGG2014211	evan.irvingpease@gmail.com	data/source/cgg-afr/fastq/190409_A00706_0010_AHGNFYDSXX/Modern_Africans/ESW_KAQL_CGG2014211_E1_L1_S16_L001_R1_001.fastq.gz	data/source/cgg-afr/fastq/190409_A00706_0010_AHGNFYDSXX/Modern_Africans/ESW_KAQL_CGG2014211_E1_L1_S16_L001_R2_001.fastq.gz
CGG2014211	190409_A00706_0010_AHGNFYDSXX_ESW_KAQL_CGG2014211_E1_L1_S16_L002	CGG	ILLUMINA	PAIRED	CGG2014211	evan.irvingpease@gmail.com	data/source/cgg-afr/fastq/190409_A00706_0010_AHGNFYDSXX/Modern_Africans/ESW_KAQL_CGG2014211_E1_L1_S16_L002_R1_001.fastq.gz	data/source/cgg-afr/fastq/190409_A00706_0010_AHGNFYDSXX/Modern_Africans/ESW_KAQL_CGG2014211_E1_L1_S16_L002_R2_001.fastq.gz
CGG2014216	190409_A00706_0010_AHGNFYDSXX_ESW_KAQL_CGG2014216_E1_L1_S17_L001	CGG	ILLUMINA	PAIRED	CGG2014216	evan.irvingpease@gmail.com	data/source/cgg-afr/fastq/190409_A00706_0010_AHGNFYDSXX/Modern_Africans/ESW_KAQL_CGG2014216_E1_L1_S17_L001_R1_001.fastq.gz	data/source/cgg-afr/fastq/190409_A00706_0010_AHGNFYDSXX/Modern_Africans/ESW_KAQL_CGG2014216_E1_L1_S17_L001_R2_001.fastq.gz
CGG2014216	190409_A00706_0010_AHGNFYDSXX_ESW_KAQL_CGG2014216_E1_L1_S17_L002	CGG	ILLUMINA	PAIRED	CGG2014216	evan.irvingpease@gmail.com	data/source/cgg-afr/fastq/190409_A00706_0010_AHGNFYDSXX/Modern_Africans/ESW_KAQL_CGG2014216_E1_L1_S17_L002_R1_001.fastq.gz	data/source/cgg-afr/fastq/190409_A00706_0010_AHGNFYDSXX/Modern_Africans/ESW_KAQL_CGG2014216_E1_L1_S17_L002_R2_001.fastq.gz
CGG2014226	190409_A00706_0010_AHGNFYDSXX_ESW_KAQL_CGG2014226_E1_L1_S18_L001	CGG	ILLUMINA	PAIRED	CGG2014226	evan.irvingpease@gmail.com	data/source/cgg-afr/fastq/190409_A00706_0010_AHGNFYDSXX/Modern_Africans/ESW_KAQL_CGG2014226_E1_L1_S18_L001_R1_001.fastq.gz	data/source/cgg-afr/fastq/190409_A00706_0010_AHGNFYDSXX/Modern_Africans/ESW_KAQL_CGG2014226_E1_L1_S18_L001_R2_001.fastq.gz
CGG2014226	190409_A00706_0010_AHGNFYDSXX_ESW_KAQL_CGG2014226_E1_L1_S18_L002	CGG	ILLUMINA	PAIRED	CGG2014226	evan.irvingpease@gmail.com	data/source/cgg-afr/fastq/190409_A00706_0010_AHGNFYDSXX/Modern_Africans/ESW_KAQL_CGG2014226_E1_L1_S18_L002_R1_001.fastq.gz	data/source/cgg-afr/fastq/190409_A00706_0010_AHGNFYDSXX/Modern_Africans/ESW_KAQL_CGG2014226_E1_L1_S18_L002_R2_001.fastq.gz
CGG2014233	190409_A00706_0010_AHGNFYDSXX_ESW_KAQL_CGG2014233_E1_L1_S19_L001	CGG	ILLUMINA	PAIRED	CGG2014233	evan.irvingpease@gmail.com	data/source/cgg-afr/fastq/190409_A00706_0010_AHGNFYDSXX/Modern_Africans/ESW_KAQL_CGG2014233_E1_L1_S19_L001_R1_001.fastq.gz	data/source/cgg-afr/fastq/190409_A00706_0010_AHGNFYDSXX/Modern_Africans/ESW_KAQL_CGG2014233_E1_L1_S19_L001_R2_001.fastq.gz
CGG2014233	190409_A00706_0010_AHGNFYDSXX_ESW_KAQL_CGG2014233_E1_L1_S19_L002	CGG	ILLUMINA	PAIRED	CGG2014233	evan.irvingpease@gmail.com	data/source/cgg-afr/fastq/190409_A00706_0010_AHGNFYDSXX/Modern_Africans/ESW_KAQL_CGG2014233_E1_L1_S19_L002_R1_001.fastq.gz	data/source/cgg-afr/fastq/190409_A00706_0010_AHGNFYDSXX/Modern_Africans/ESW_KAQL_CGG2014233_E1_L1_S19_L002_R2_001.fastq.gz
CGG2014236	190409_A00706_0010_AHGNFYDSXX_ESW_KAQL_CGG2014236_E1_L1_S20_L001	CGG	ILLUMINA	PAIRED	CGG2014236	evan.irvingpease@gmail.com	data/source/cgg-afr/fastq/190409_A00706_0010_AHGNFYDSXX/Modern_Africans/ESW_KAQL_CGG2014236_E1_L1_S20_L001_R1_001.fastq.gz	data/source/cgg-afr/fastq/190409_A00706_0010_AHGNFYDSXX/Modern_Africans/ESW_KAQL_CGG2014236_E1_L1_S20_L001_R2_001.fastq.gz
CGG2014236	190409_A00706_0010_AHGNFYDSXX_ESW_KAQL_CGG2014236_E1_L1_S20_L002	CGG	ILLUMINA	PAIRED	CGG2014236	evan.irvingpease@gmail.com	data/source/cgg-afr/fastq/190409_A00706_0010_AHGNFYDSXX/Modern_Africans/ESW_KAQL_CGG2014236_E1_L1_S20_L002_R1_001.fastq.gz	data/source/cgg-afr/fastq/190409_A00706_0010_AHGNFYDSXX/Modern_Africans/ESW_KAQL_CGG2014236_E1_L1_S20_L002_R2_001.fastq.gz
CGG2014304	190409_A00706_0010_AHGNFYDSXX_ESW_KAQL_CGG2014304_E1_L1_S21_L001	CGG	ILLUMINA	PAIRED	CGG2014304	evan.irvingpease@gmail.com	data/source/cgg-afr/fastq/190409_A00706_0010_AHGNFYDSXX/Modern_Africans/ESW_KAQL_CGG2014304_E1_L1_S21_L001_R1_001.fastq.gz	data/source/cgg-afr/fastq/190409_A00706_0010_AHGNFYDSXX/Modern_Africans/ESW_KAQL_CGG2014304_E1_L1_S21_L001_R2_001.fastq.gz
CGG2014304	190409_A00706_0010_AHGNFYDSXX_ESW_KAQL_CGG2014304_E1_L1_S21_L002	CGG	ILLUMINA	PAIRED	CGG2014304	evan.irvingpease@gmail.com	data/source/cgg-afr/fastq/190409_A00706_0010_AHGNFYDSXX/Modern_Africans/ESW_KAQL_CGG2014304_E1_L1_S21_L002_R1_001.fastq.gz	data/source/cgg-afr/fastq/190409_A00706_0010_AHGNFYDSXX/Modern_Africans/ESW_KAQL_CGG2014304_E1_L1_S21_L002_R2_001.fastq.gz
CGG2014305	190409_A00706_0010_AHGNFYDSXX_ESW_KAQL_CGG2014305_E1_L1_S22_L001	CGG	ILLUMINA	PAIRED	CGG2014305	evan.irvingpease@gmail.com	data/source/cgg-afr/fastq/190409_A00706_0010_AHGNFYDSXX/Modern_Africans/ESW_KAQL_CGG2014305_E1_L1_S22_L001_R1_001.fastq.gz	data/source/cgg-afr/fastq/190409_A00706_0010_AHGNFYDSXX/Modern_Africans/ESW_KAQL_CGG2014305_E1_L1_S22_L001_R2_001.fastq.gz
CGG2014305	190409_A00706_0010_AHGNFYDSXX_ESW_KAQL_CGG2014305_E1_L1_S22_L002	CGG	ILLUMINA	PAIRED	CGG2014305	evan.irvingpease@gmail.com	data/source/cgg-afr/fastq/190409_A00706_0010_AHGNFYDSXX/Modern_Africans/ESW_KAQL_CGG2014305_E1_L1_S22_L002_R1_001.fastq.gz	data/source/cgg-afr/fastq/190409_A00706_0010_AHGNFYDSXX/Modern_Africans/ESW_KAQL_CGG2014305_E1_L1_S22_L002_R2_001.fastq.gz
CGG2014308	190409_A00706_0010_AHGNFYDSXX_ESW_KAQL_CGG2014308_E1_L1_S23_L001	CGG	ILLUMINA	PAIRED	CGG2014308	evan.irvingpease@gmail.com	data/source/cgg-afr/fastq/190409_A00706_0010_AHGNFYDSXX/Modern_Africans/ESW_KAQL_CGG2014308_E1_L1_S23_L001_R1_001.fastq.gz	data/source/cgg-afr/fastq/190409_A00706_0010_AHGNFYDSXX/Modern_Africans/ESW_KAQL_CGG2014308_E1_L1_S23_L001_R2_001.fastq.gz
CGG2014308	190409_A00706_0010_AHGNFYDSXX_ESW_KAQL_CGG2014308_E1_L1_S23_L002	CGG	ILLUMINA	PAIRED	CGG2014308	evan.irvingpease@gmail.com	data/source/cgg-afr/fastq/190409_A00706_0010_AHGNFYDSXX/Modern_Africans/ESW_KAQL_CGG2014308_E1_L1_S23_L002_R1_001.fastq.gz	data/source/cgg-afr/fastq/190409_A00706_0010_AHGNFYDSXX/Modern_Africans/ESW_KAQL_CGG2014308_E1_L1_S23_L002_R2_001.fastq.gz
CGG2014313	190409_A00706_0010_AHGNFYDSXX_ESW_KAQL_CGG2014313_E1_L1_S24_L001	CGG	ILLUMINA	PAIRED	CGG2014313	evan.irvingpease@gmail.com	data/source/cgg-afr/fastq/190409_A00706_0010_AHGNFYDSXX/Modern_Africans/ESW_KAQL_CGG2014313_E1_L1_S24_L001_R1_001.fastq.gz	data/source/cgg-afr/fastq/190409_A00706_0010_AHGNFYDSXX/Modern_Africans/ESW_KAQL_CGG2014313_E1_L1_S24_L001_R2_001.fastq.gz
CGG2014313	190409_A00706_0010_AHGNFYDSXX_ESW_KAQL_CGG2014313_E1_L1_S24_L002	CGG	ILLUMINA	PAIRED	CGG2014313	evan.irvingpease@gmail.com	data/source/cgg-afr/fastq/190409_A00706_0010_AHGNFYDSXX/Modern_Africans/ESW_KAQL_CGG2014313_E1_L1_S24_L002_R1_001.fastq.gz	data/source/cgg-afr/fastq/190409_A00706_0010_AHGNFYDSXX/Modern_Africans/ESW_KAQL_CGG2014313_E1_L1_S24_L002_R2_001.fastq.gz
CGG2014319	190409_A00706_0010_AHGNFYDSXX_ESW_KAQL_CGG2014319_E1_L1_S25_L001	CGG	ILLUMINA	PAIRED	CGG2014319	evan.irvingpease@gmail.com	data/source/cgg-afr/fastq/190409_A00706_0010_AHGNFYDSXX/Modern_Africans/ESW_KAQL_CGG2014319_E1_L1_S25_L001_R1_001.fastq.gz	data/source/cgg-afr/fastq/190409_A00706_0010_AHGNFYDSXX/Modern_Africans/ESW_KAQL_CGG2014319_E1_L1_S25_L001_R2_001.fastq.gz
CGG2014319	190409_A00706_0010_AHGNFYDSXX_ESW_KAQL_CGG2014319_E1_L1_S25_L002	CGG	ILLUMINA	PAIRED	CGG2014319	evan.irvingpease@gmail.com	data/source/cgg-afr/fastq/190409_A00706_0010_AHGNFYDSXX/Modern_Africans/ESW_KAQL_CGG2014319_E1_L1_S25_L002_R1_001.fastq.gz	data/source/cgg-afr/fastq/190409_A00706_0010_AHGNFYDSXX/Modern_Africans/ESW_KAQL_CGG2014319_E1_L1_S25_L002_R2_001.fastq.gz
CGG2012300	190722_S4_XP_HK27JDSXX_GN6RJ_CGG2012300_E1_L1_S55_L004	CGG	ILLUMINA	PAIRED	CGG2012300	evan.irvingpease@gmail.com	data/source/cgg-afr/fastq/190722-S4-XP-HK27JDSXX-GN6RJ/Samples/CGG2012300E1L1/Files/CGG2012300E1L1_S55_L004_R1_001.fastq.gz	data/source/cgg-afr/fastq/190722-S4-XP-HK27JDSXX-GN6RJ/Samples/CGG2012300E1L1/Files/CGG2012300E1L1_S55_L004_R2_001.fastq.gz
CGG2012301	190722_S4_XP_HK27JDSXX_GN6RJ_CGG2012301_E1_L1_S56_L004	CGG	ILLUMINA	PAIRED	CGG2012301	evan.irvingpease@gmail.com	data/source/cgg-afr/fastq/190722-S4-XP-HK27JDSXX-GN6RJ/Samples/CGG2012301E1L1/Files/CGG2012301E1L1_S56_L004_R1_001.fastq.gz	data/source/cgg-afr/fastq/190722-S4-XP-HK27JDSXX-GN6RJ/Samples/CGG2012301E1L1/Files/CGG2012301E1L1_S56_L004_R2_001.fastq.gz
CGG2012305	190722_S4_XP_HK27JDSXX_GN6RJ_CGG2012305_E1_L1_S57_L004	CGG	ILLUMINA	PAIRED	CGG2012305	evan.irvingpease@gmail.com	data/source/cgg-afr/fastq/190722-S4-XP-HK27JDSXX-GN6RJ/Samples/CGG2012305E1L1/Files/CGG2012305E1L1_S57_L004_R1_001.fastq.gz	data/source/cgg-afr/fastq/190722-S4-XP-HK27JDSXX-GN6RJ/Samples/CGG2012305E1L1/Files/CGG2012305E1L1_S57_L004_R2_001.fastq.gz
CGG2012412	190722_S4_XP_HK27JDSXX_GN6RJ_CGG2012412_E1_L1_S58_L004	CGG	ILLUMINA	PAIRED	CGG2012412	evan.irvingpease@gmail.com	data/source/cgg-afr/fastq/190722-S4-XP-HK27JDSXX-GN6RJ/Samples/CGG2012412E1L1/Files/CGG2012412E1L1_S58_L004_R1_001.fastq.gz	data/source/cgg-afr/fastq/190722-S4-XP-HK27JDSXX-GN6RJ/Samples/CGG2012412E1L1/Files/CGG2012412E1L1_S58_L004_R2_001.fastq.gz
CGG2012514	190722_S4_XP_HK27JDSXX_GN6RJ_CGG2012514_E1_L1_S59_L004	CGG	ILLUMINA	PAIRED	CGG2012514	evan.irvingpease@gmail.com	data/source/cgg-afr/fastq/190722-S4-XP-HK27JDSXX-GN6RJ/Samples/CGG2012514E1L1/Files/CGG2012514E1L1_S59_L004_R1_001.fastq.gz	data/source/cgg-afr/fastq/190722-S4-XP-HK27JDSXX-GN6RJ/Samples/CGG2012514E1L1/Files/CGG2012514E1L1_S59_L004_R2_001.fastq.gz
CGG2012558	190722_S4_XP_HK27JDSXX_GN6RJ_CGG2012558_E1_L1_S60_L004	CGG	ILLUMINA	PAIRED	CGG2012558	evan.irvingpease@gmail.com	data/source/cgg-afr/fastq/190722-S4-XP-HK27JDSXX-GN6RJ/Samples/CGG2012558E1L1/Files/CGG2012558E1L1_S60_L004_R1_001.fastq.gz	data/source/cgg-afr/fastq/190722-S4-XP-HK27JDSXX-GN6RJ/Samples/CGG2012558E1L1/Files/CGG2012558E1L1_S60_L004_R2_001.fastq.gz
CGG2012561	190722_S4_XP_HK27JDSXX_GN6RJ_CGG2012561_E1_L1_S61_L004	CGG	ILLUMINA	PAIRED	CGG2012561	evan.irvingpease@gmail.com	data/source/cgg-afr/fastq/190722-S4-XP-HK27JDSXX-GN6RJ/Samples/CGG2012561E1L1/Files/CGG2012561E1L1_S61_L004_R1_001.fastq.gz	data/source/cgg-afr/fastq/190722-S4-XP-HK27JDSXX-GN6RJ/Samples/CGG2012561E1L1/Files/CGG2012561E1L1_S61_L004_R2_001.fastq.gz
CGG2012574	190722_S4_XP_HK27JDSXX_GN6RJ_CGG2012574_E1_L1_S62_L004	CGG	ILLUMINA	PAIRED	CGG2012574	evan.irvingpease@gmail.com	data/source/cgg-afr/fastq/190722-S4-XP-HK27JDSXX-GN6RJ/Samples/CGG2012574E1L1/Files/CGG2012574E1L1_S62_L004_R1_001.fastq.gz	data/source/cgg-afr/fastq/190722-S4-XP-HK27JDSXX-GN6RJ/Samples/CGG2012574E1L1/Files/CGG2012574E1L1_S62_L004_R2_001.fastq.gz
CGG2012624	190722_S4_XP_HK27JDSXX_GN6RJ_CGG2012624_E1_L1_S63_L004	CGG	ILLUMINA	PAIRED	CGG2012624	evan.irvingpease@gmail.com	data/source/cgg-afr/fastq/190722-S4-XP-HK27JDSXX-GN6RJ/Samples/CGG2012624E1L1/Files/CGG2012624E1L1_S63_L004_R1_001.fastq.gz	data/source/cgg-afr/fastq/190722-S4-XP-HK27JDSXX-GN6RJ/Samples/CGG2012624E1L1/Files/CGG2012624E1L1_S63_L004_R2_001.fastq.gz
CGG2012644	190722_S4_XP_HK27JDSXX_GN6RJ_CGG2012644_E1_L1_S64_L004	CGG	ILLUMINA	PAIRED	CGG2012644	evan.irvingpease@gmail.com	data/source/cgg-afr/fastq/190722-S4-XP-HK27JDSXX-GN6RJ/Samples/CGG2012644E1L1/Files/CGG2012644E1L1_S64_L004_R1_001.fastq.gz	data/source/cgg-afr/fastq/190722-S4-XP-HK27JDSXX-GN6RJ/Samples/CGG2012644E1L1/Files/CGG2012644E1L1_S64_L004_R2_001.fastq.gz
CGG2013653	190722_S4_XP_HK27JDSXX_GN6RJ_CGG2013653_E1_L1_S65_L004	CGG	ILLUMINA	PAIRED	CGG2013653	evan.irvingpease@gmail.com	data/source/cgg-afr/fastq/190722-S4-XP-HK27JDSXX-GN6RJ/Samples/CGG2013653E1L1/Files/CGG2013653E1L1_S65_L004_R1_001.fastq.gz	data/source/cgg-afr/fastq/190722-S4-XP-HK27JDSXX-GN6RJ/Samples/CGG2013653E1L1/Files/CGG2013653E1L1_S65_L004_R2_001.fastq.gz
CGG2013654	190722_S4_XP_HK27JDSXX_GN6RJ_CGG2013654_E1_L1_S66_L004	CGG	ILLUMINA	PAIRED	CGG2013654	evan.irvingpease@gmail.com	data/source/cgg-afr/fastq/190722-S4-XP-HK27JDSXX-GN6RJ/Samples/CGG2013654E1L1/Files/CGG2013654E1L1_S66_L004_R1_001.fastq.gz	data/source/cgg-afr/fastq/190722-S4-XP-HK27JDSXX-GN6RJ/Samples/CGG2013654E1L1/Files/CGG2013654E1L1_S66_L004_R2_001.fastq.gz
CGG2013657	190722_S4_XP_HK27JDSXX_GN6RJ_CGG2013657_E1_L1_S67_L004	CGG	ILLUMINA	PAIRED	CGG2013657	evan.irvingpease@gmail.com	data/source/cgg-afr/fastq/190722-S4-XP-HK27JDSXX-GN6RJ/Samples/CGG2013657E1L1/Files/CGG2013657E1L1_S67_L004_R1_001.fastq.gz	data/source/cgg-afr/fastq/190722-S4-XP-HK27JDSXX-GN6RJ/Samples/CGG2013657E1L1/Files/CGG2013657E1L1_S67_L004_R2_001.fastq.gz
CGG2014119	190722_S4_XP_HK27JDSXX_GN6RJ_CGG2014119_E1_L1_S68_L004	CGG	ILLUMINA	PAIRED	CGG2014119	evan.irvingpease@gmail.com	data/source/cgg-afr/fastq/190722-S4-XP-HK27JDSXX-GN6RJ/Samples/CGG2014119E1L1/Files/CGG2014119E1L1_S68_L004_R1_001.fastq.gz	data/source/cgg-afr/fastq/190722-S4-XP-HK27JDSXX-GN6RJ/Samples/CGG2014119E1L1/Files/CGG2014119E1L1_S68_L004_R2_001.fastq.gz
CGG2014127	190722_S4_XP_HK27JDSXX_GN6RJ_CGG2014127_E1_L1_S69_L004	CGG	ILLUMINA	PAIRED	CGG2014127	evan.irvingpease@gmail.com	data/source/cgg-afr/fastq/190722-S4-XP-HK27JDSXX-GN6RJ/Samples/CGG2014127E1L1/Files/CGG2014127E1L1_S69_L004_R1_001.fastq.gz	data/source/cgg-afr/fastq/190722-S4-XP-HK27JDSXX-GN6RJ/Samples/CGG2014127E1L1/Files/CGG2014127E1L1_S69_L004_R2_001.fastq.gz
CGG2014133	190722_S4_XP_HK27JDSXX_GN6RJ_CGG2014133_E1_L1_S70_L004	CGG	ILLUMINA	PAIRED	CGG2014133	evan.irvingpease@gmail.com	data/source/cgg-afr/fastq/190722-S4-XP-HK27JDSXX-GN6RJ/Samples/CGG2014133E1L1/Files/CGG2014133E1L1_S70_L004_R1_001.fastq.gz	data/source/cgg-afr/fastq/190722-S4-XP-HK27JDSXX-GN6RJ/Samples/CGG2014133E1L1/Files/CGG2014133E1L1_S70_L004_R2_001.fastq.gz
CGG2014141	190722_S4_XP_HK27JDSXX_GN6RJ_CGG2014141_E1_L1_S71_L004	CGG	ILLUMINA	PAIRED	CGG2014141	evan.irvingpease@gmail.com	data/source/cgg-afr/fastq/190722-S4-XP-HK27JDSXX-GN6RJ/Samples/CGG2014141E1L1/Files/CGG2014141E1L1_S71_L004_R1_001.fastq.gz	data/source/cgg-afr/fastq/190722-S4-XP-HK27JDSXX-GN6RJ/Samples/CGG2014141E1L1/Files/CGG2014141E1L1_S71_L004_R2_001.fastq.gz
CGG2014160	190722_S4_XP_HK27JDSXX_GN6RJ_CGG2014160_E1_L1_S72_L004	CGG	ILLUMINA	PAIRED	CGG2014160	evan.irvingpease@gmail.com	data/source/cgg-afr/fastq/190722-S4-XP-HK27JDSXX-GN6RJ/Samples/CGG2014160E1L1/Files/CGG2014160E1L1_S72_L004_R1_001.fastq.gz	data/source/cgg-afr/fastq/190722-S4-XP-HK27JDSXX-GN6RJ/Samples/CGG2014160E1L1/Files/CGG2014160E1L1_S72_L004_R2_001.fastq.gz
CGG2014211	190722_S4_XP_HK27JDSXX_GN6RJ_CGG2014211_E1_L1_S73_L004	CGG	ILLUMINA	PAIRED	CGG2014211	evan.irvingpease@gmail.com	data/source/cgg-afr/fastq/190722-S4-XP-HK27JDSXX-GN6RJ/Samples/CGG2014211E1L1/Files/CGG2014211E1L1_S73_L004_R1_001.fastq.gz	data/source/cgg-afr/fastq/190722-S4-XP-HK27JDSXX-GN6RJ/Samples/CGG2014211E1L1/Files/CGG2014211E1L1_S73_L004_R2_001.fastq.gz
CGG2014216	190722_S4_XP_HK27JDSXX_GN6RJ_CGG2014216_E1_L1_S74_L004	CGG	ILLUMINA	PAIRED	CGG2014216	evan.irvingpease@gmail.com	data/source/cgg-afr/fastq/190722-S4-XP-HK27JDSXX-GN6RJ/Samples/CGG2014216E1L1/Files/CGG2014216E1L1_S74_L004_R1_001.fastq.gz	data/source/cgg-afr/fastq/190722-S4-XP-HK27JDSXX-GN6RJ/Samples/CGG2014216E1L1/Files/CGG2014216E1L1_S74_L004_R2_001.fastq.gz
CGG2014226	190722_S4_XP_HK27JDSXX_GN6RJ_CGG2014226_E1_L1_S75_L004	CGG	ILLUMINA	PAIRED	CGG2014226	evan.irvingpease@gmail.com	data/source/cgg-afr/fastq/190722-S4-XP-HK27JDSXX-GN6RJ/Samples/CGG2014226E1L1/Files/CGG2014226E1L1_S75_L004_R1_001.fastq.gz	data/source/cgg-afr/fastq/190722-S4-XP-HK27JDSXX-GN6RJ/Samples/CGG2014226E1L1/Files/CGG2014226E1L1_S75_L004_R2_001.fastq.gz
CGG2014233	190722_S4_XP_HK27JDSXX_GN6RJ_CGG2014233_E1_L1_S76_L004	CGG	ILLUMINA	PAIRED	CGG2014233	evan.irvingpease@gmail.com	data/source/cgg-afr/fastq/190722-S4-XP-HK27JDSXX-GN6RJ/Samples/CGG2014233E1L1/Files/CGG2014233E1L1_S76_L004_R1_001.fastq.gz	data/source/cgg-afr/fastq/190722-S4-XP-HK27JDSXX-GN6RJ/Samples/CGG2014233E1L1/Files/CGG2014233E1L1_S76_L004_R2_001.fastq.gz
CGG2014236	190722_S4_XP_HK27JDSXX_GN6RJ_CGG2014236_E1_L1_S77_L004	CGG	ILLUMINA	PAIRED	CGG2014236	evan.irvingpease@gmail.com	data/source/cgg-afr/fastq/190722-S4-XP-HK27JDSXX-GN6RJ/Samples/CGG2014236E1L1/Files/CGG2014236E1L1_S77_L004_R1_001.fastq.gz	data/source/cgg-afr/fastq/190722-S4-XP-HK27JDSXX-GN6RJ/Samples/CGG2014236E1L1/Files/CGG2014236E1L1_S77_L004_R2_001.fastq.gz
CGG2014308	190722_S4_XP_HK27JDSXX_GN6RJ_CGG2014308_E1_L1_S78_L004	CGG	ILLUMINA	PAIRED	CGG2014308	evan.irvingpease@gmail.com	data/source/cgg-afr/fastq/190722-S4-XP-HK27JDSXX-GN6RJ/Samples/CGG2014308E1L1/Files/CGG2014308E1L1_S78_L004_R1_001.fastq.gz	data/source/cgg-afr/fastq/190722-S4-XP-HK27JDSXX-GN6RJ/Samples/CGG2014308E1L1/Files/CGG2014308E1L1_S78_L004_R2_001.fastq.gz
CGG2014313	190722_S4_XP_HK27JDSXX_GN6RJ_CGG2014313_E1_L1_S79_L004	CGG	ILLUMINA	PAIRED	CGG2014313	evan.irvingpease@gmail.com	data/source/cgg-afr/fastq/190722-S4-XP-HK27JDSXX-GN6RJ/Samples/CGG2014313E1L1/Files/CGG2014313E1L1_S79_L004_R1_001.fastq.gz	data/source/cgg-afr/fastq/190722-S4-XP-HK27JDSXX-GN6RJ/Samples/CGG2014313E1L1/Files/CGG2014313E1L1_S79_L004_R2_001.fastq.gz
CGG2014319	190722_S4_XP_HK27JDSXX_GN6RJ_CGG2014319_E1_L1_S80_L004	CGG	ILLUMINA	PAIRED	CGG2014319	evan.irvingpease@gmail.com	data/source/cgg-afr/fastq/190722-S4-XP-HK27JDSXX-GN6RJ/Samples/CGG2014319E1L1/Files/CGG2014319E1L1_S80_L004_R1_001.fastq.gz	data/source/cgg-afr/fastq/190722-S4-XP-HK27JDSXX-GN6RJ/Samples/CGG2014319E1L1/Files/CGG2014319E1L1_S80_L004_R2_001.fastq.gz